Names,PC1,PC2,PC3,PC4,PC5,PC6
Abilene Christian University,-1.5928554035481597,0.7673335099647856,-0.10107353731058931,0.9217493979898956,-0.7439753978495592,-0.2983060809639781
Adelphi University,-2.192401797760435,-0.5788299835835209,2.278798115108346,-3.5889182313480417,1.0599966047827312,-0.17713730901280325
Adrian College,-1.4309637128321382,-1.0928188915609547,-0.43809281134328143,-0.6772405275009791,-0.3696132742650922,-0.9605916885982804
Agnes Scott College,2.855557426704882,-2.630612385121504,0.1417221214939661,1.2954859990229421,-0.1838371396547101,-1.0595084730256261
Alaska Pacific University,-2.212007633553985,0.021630813901366657,2.3870297958349145,1.1145384475759714,0.6844506997261507,0.004917970635876581
Albertson College,-0.5716652899434189,-1.4963246547267108,0.024354077594520532,-0.06694356843492723,-0.37626144432021635,-0.668343501288315
Albertus Magnus College,0.24195219359058778,-1.5063675415214688,0.23419429731413854,1.14202424380565,1.54698320802502,-0.009994687528970597
Albion College,1.7504743468692254,-1.4614123467515205,-1.0265890500386865,0.9811842106927032,0.21704361246275683,0.22292398070524122
Albright College,0.7691269674142251,-1.9844333497292996,-1.4260521785507803,0.07142428556550512,0.5863801806852555,-0.6551793668801738
Alderson-Broaddus College,-2.7707210920273146,-0.8446106093048257,1.627986665529725,-1.7050912226858934,-1.0198256009161784,-0.7944006856650868
Alfred University,1.7845833812037089,-1.889862977275029,-0.5526735697921158,0.03953128593678744,0.4801549980894321,0.19976055501569276
Allegheny College,2.045930237267958,-2.0991960953586286,-1.0791264284053912,-0.17462103718149596,-0.29820070674052884,-0.5833813019615243
Allentown Coll. of St. Francis de Sales,-0.09278896503591065,-1.0788176824965467,0.13334191903677875,-0.13108793807609775,-0.2646065381742275,0.5813844812597005
Alma College,0.8691194478687068,-1.5492002168638637,-1.515213966114264,0.5275785885471456,-0.29225850393318836,0.29900291345519986
Alverno College,-2.1073726050481287,-0.4878685055663166,1.9189826881021883,-0.5053989545975087,-0.9360274549111388,-0.9805957618181014
American International College,-1.3980873784187389,-0.49639356172578886,-0.43085576995524705,0.4630785713037892,1.3456543064561295,0.12521038319840988
Amherst College,5.522192587888322,-3.1487249389774403,0.734895834874061,0.29106784757944343,-1.6398004775726516,-0.375786085144288
Anderson University,-2.1299223178517575,-0.6251721819801062,0.31876228835790016,-1.1604957085765089,-0.2028433588533617,-0.42552633051945965
Andrews University,-2.0953764840007123,-0.40145329709412586,2.0445100546329806,-0.4826646401062206,-0.022957437889798815,0.46239512640518887
Angelo State University,-2.7549578933118983,2.2353040091663354,0.0029441616746468738,0.4442790513647837,-0.7413288653935214,0.16531580320590114
Antioch University,1.4469057198726645,-2.4278055594296855,0.9740823392498309,-0.08724866175990649,0.5583448454987306,-3.0097769004800146
Appalachian State University,0.04655132458207897,2.9467988283490345,-2.60931042729019,1.0818854461434713,-0.7057697584543969,-1.3770283986705958
Aquinas College,-1.550966151895376,-1.0156621343949717,-0.32347021975368095,-0.46225789667197986,-0.14978844922987747,-1.1341101030110818
Arizona State University Main campus,1.843191876779034,7.922701277671392,0.49295858662608577,-0.1392011929434946,1.7066215226647017,0.09568894421575988
Arkansas College (Lyon College),0.4732315098417261,-1.3659468467685139,-0.1670076981507581,1.125539548785363,-0.7004952587123392,-0.34814457944697397
Arkansas Tech University,-3.1991110591434198,1.3905179014931424,-0.9575592328203927,-0.12014550638977452,-0.8119201883700581,0.11880801966302848
Assumption College,1.2540350364300812,-1.2292515659645518,-1.2103242023682985,0.4010127465868289,1.2851728115018537,1.134304638459399
Auburn University-Main Campus,1.2574452390021236,4.270767785335004,-0.4973028208411391,-0.14262668145552426,-0.3767075325703492,0.3106101958151968
Augsburg College,-1.5542788533885912,-1.114210473369926,-0.018388137417307843,-0.6103055084439569,0.743539415902033,-0.1682976589337647
Augustana College IL,0.9507701702769327,-1.437467662898421,-0.652889040602425,0.11373816949151724,-0.5922343330418689,0.22311727482062443
Augustana College,-0.8673455412425707,-1.2618152387190962,0.03793553617625473,-0.3289201375043577,-0.775449418735348,-0.09240206913556105
Austin College,1.0896710665221574,-1.5321435497332252,-0.8258077618912959,1.107456250827899,-0.5287480662139804,-0.3455809381855605
Averett College,-2.5628025840955604,0.12808707008580358,0.7212386795366692,0.07674598028363071,0.0719381495407098,1.6704543430412457
Baker University,-1.7311997418475455,-0.7186666770641145,0.4190235026076947,-0.07366641252301537,-0.38097054310408357,-1.3238219980727417
Baldwin-Wallace College,-0.017893913628781143,-0.15734901997202938,1.2694480830738137,-0.563812052576755,-0.5149954675475261,2.556866356422401
Barat College,-1.1058108075038922,-1.9666035910817299,-0.44483811637082493,-0.7378581279797457,0.5200272229132874,-0.25410304277586404
Bard College,3.4079224031201747,-2.4358128287553327,0.742525123127711,0.6225310307505305,0.5943329976933407,1.193484102993132
Barnard College,3.833224304232776,-2.519458223224207,0.2838467839032169,-0.48919801346459185,0.9573139006792563,0.9013420050178612
Barry University,-0.48686340301042214,-0.11210553892643468,1.175937561737215,0.4027265574257501,1.4779453319904943,-0.14089149616533006
Baylor University,0.8149622277496175,2.1306107720645944,-0.9837023373262918,-0.8734966839217758,-1.4880856884717488,0.7141222116704331
Beaver College,0.48240675984086434,-1.5927551935522288,-0.8834884327188198,0.2965236554650375,1.04081767271788,-0.07070096670010032
Bellarmine College,-0.07999142113934833,-0.9227383882863787,0.33035730269581254,0.4791286784351403,-1.6335184503275575,0.9483332690976184
Belmont Abbey College,-1.512480719876507,-0.2986189677045006,0.22485094389314617,1.3690474232439473,0.9524769027429273,-1.3158154507084265
Belmont University,-1.3254901365532101,-0.5228615739420741,0.5984779385387585,-0.4987718420685589,-0.8844057491210956,-0.10275848158557419
Beloit College,0.820260242261066,-1.7109773279773675,-1.1142504851786132,0.8885546419207916,0.6107006868374019,-0.7369121150926781
Bemidji State University,-3.4061556589776187,1.1664303797388333,0.441728355528059,0.2006652591761023,-0.9993765282839444,0.5574284744816526
Benedictine College,-1.9876394209000756,-0.9124459114059229,-1.5080283902402094,0.12860220840334113,1.2081712759778136,-0.08341114333519813
Bennington College,-0.38477754187226665,-2.8389060470134067,0.7882727073503842,-2.2804460072083277,0.15697703358721873,-0.8126265220469824
Bentley College,1.074239579356703,-0.19896190911414782,-0.3004695154809835,0.11851709730560762,1.2276053026707587,1.3773668056164874
Berry College,-0.31866811358974795,-0.016369559059255804,-0.1898939686306482,1.2582994172805306,-0.9990781525118635,-0.9385030931793203
Bethany College,-1.940928245948955,-0.737707021699938,0.5803525889581324,0.026722021907846765,-0.5009317330557812,-0.762704565673609
Bethel College KS,-1.3773060085438384,-1.3720081362076018,0.2881230379286518,0.2124500082417022,-0.2340238976772665,-0.9518524756836747
Bethel College,-3.127406628185691,-0.46929858235939254,0.4233882992618279,-0.04422420345566363,0.06975642335785635,-0.30973322600732733
Bethune Cookman College,-3.3298837439715623,0.5548508857418967,1.5920426995526784,-1.0852767759063804,-0.8845307567960949,-0.5383449213438543
Birmingham-Southern College,1.197546553730254,-1.7437057309231678,-1.0383965387726035,0.48347715154385457,-1.6315440497164007,-0.22672206393389258
Blackburn College,-1.0837305661489562,-1.2703350439564973,-0.8621498156712585,0.9539920970314819,-1.4638217945258631,-0.28693052030574095
Bloomsburg Univ. of Pennsylvania,-1.0117997140403532,1.5091175880598011,-0.7088809282244585,-0.6155928572521455,-0.9589364148871434,0.038590569980864034
Bluefield College,-2.911012084793865,-0.059026409647797574,-0.07253088085652082,0.09529833925778049,0.5764278661538326,0.07631744147229594
Bluffton College,-1.1931102726195064,-1.0563599452493369,-0.705542306795106,0.26744253393155326,0.23326402847590882,-0.4636223001370591
Boston University,5.607082926415565,4.613620614765422,-0.6382824217833597,-3.540568350948561,1.692454633838633,-0.9201523887391152
Bowdoin College,5.372798515162312,-2.736998393910795,3.6376231153949603,-0.26465397861411555,-1.5965368778690772,3.7181738862696925
Bowling Green State University,0.46270339371750746,4.535354834127934,-0.9867754102744132,-0.4249565685065594,-0.1629678229749511,0.8834993210646945
Bradford College,-0.7226436580891601,-1.8893571890323084,0.7984803506467194,-0.7193420017177017,2.3440529467449527,-0.648115099271517
Bradley University,1.1355802847051242,0.852377692629059,5.633297272000657,-1.147442217392406,-1.339458413687112,5.991244181750615
Brandeis University,3.686931012874028,-1.7514743710884293,-0.30004135736205667,-0.1857857183938533,1.338908676849272,-0.45338892987342905
Brenau University,-1.4523109644144672,-0.8956175328734699,-0.11506885628938958,0.23011236466797277,1.8278911325799274,0.47482955894941886
Brewton-Parker College,-3.714602926051107,1.3458730751297772,0.7840598606173599,0.539798732980474,-0.3792183681435723,-1.4581133359922884
Briar Cliff College,-2.18642704489227,-1.0190291113529428,0.7684366063518059,-0.9340897065395051,-0.5277936527701126,-0.34993288254801447
Bridgewater College,-0.4990873523646563,-1.417406320345302,-0.29072846650229406,-0.5592340514414464,0.1124478623667587,0.5449552308469116
Brigham Young University at Provo,1.6836395122529508,5.611230487244659,-0.18807649047213745,-0.657630350219461,-2.6208625008530206,1.141513375212065
Brown University,6.516179185201942,-0.934966802114591,0.6453886086421027,-0.7503569730397683,-0.7308009609697006,0.09334791703911967
Bryn Mawr College,4.573408156838005,-2.9533646807412026,-0.21183458911741473,0.9739891220585712,-0.17004061996397707,0.16071592638887705
Bucknell University,3.771716210476291,-0.7663085830406543,0.2929689802977779,0.0030252705023535447,-0.644904447016455,1.506363448452161
Buena Vista College,-0.43593369348489924,-1.3480749472212503,-0.2559577809972159,-0.6776960288752398,-0.4390113480639635,-0.6204717996900385
Butler University,1.1956574449067086,-1.0225885553511815,-0.06385947229403292,-0.13460568485983063,-0.520878015863314,-0.3565739706162045
Cabrini College,-1.263023529461529,-1.6701553878619666,-1.7797726156086586,-0.8524595693766435,1.9614524877416915,0.2851353929374091
Caldwell College,-0.571771683579428,-0.7030696780763043,-0.716786622282816,1.53823942739099,1.1648128539912066,-0.01769316662180492
California Lutheran University,-0.4517942772226171,-1.4054864164881742,0.2552939042184932,-0.29012706873211014,1.0066361238138803,0.5690384068786974
California Polytechnic-San Luis,0.9205864423984873,2.8772982251290395,0.2896892886352458,-0.05419717136799783,-0.8912951068677397,0.47821065535088203
California State University at Fresno,-0.1492948271478113,2.9655268494840215,-0.24523590648680144,1.031014098544271,0.4192859289937292,1.051384405085398
Calvin College,0.15943940051144603,-0.7170950557650799,-1.393454787240731,0.11863077411385933,-0.8043612433986547,-0.1772986912884975
Campbell University,-1.358624697613796,0.3905776096455548,-1.52758774472302,0.696534538782011,-0.8746089124481023,1.5942310109693962
Campbellsville College,-2.4367713314648785,0.07062807722674544,0.06834020616082355,0.34298246282360845,-1.109936023658669,0.5146814571971372
Canisius College,0.0688025407583293,-0.18155074739262125,-0.9818613511280572,0.7111271654739869,1.5991822535156384,0.08115873336476263
Capital University,0.18210518000930154,-1.3088005968873087,-0.5145277869336967,-0.8580771847443256,-0.515482907886441,-0.17389315061293806
Capitol College,-3.7304647405523435,-0.9758377411595368,0.32885591087346006,-1.7230253122758512,-1.4460188864343109,-2.3749815102788685
Carleton College,4.136319286592461,-2.9753777974287607,-0.7346662066193337,-0.06122436237718314,-1.8276515741280035,-0.242468784791821
Carnegie Mellon University,4.697246308163044,-0.6714421563217775,0.12910329151042624,-0.7362315900594922,0.1106744899389162,-1.3609368291874964
Carroll College,-0.5278316838947651,-0.7788499192972468,-1.0847050482459395,0.30323335975816185,0.04809427200313711,0.6855506729063521
Carson-Newman College,-1.5527044501712823,-0.7326110267594892,-1.2226425303836295,-0.6073398114609628,-0.8594501050172412,-0.30352976783271307
Carthage College,-0.6677185140722276,-0.4191875406929497,-0.4322260944066397,0.7105615327086817,0.42444927288121137,0.2164243616873803
Case Western Reserve University,4.093823084217005,-1.5018563167391288,0.9842351907522585,0.5840720579357895,-0.6889838257174346,-1.824724130238405
Castleton State College,-1.1831331708955224,-0.38484000012093605,-1.34004526405119,0.7754729541639447,1.7999835120117043,0.6186944589034119
Catawba College,-1.2808668164878925,-0.5136632219067109,0.6639320062052708,0.7053789466374445,0.2996148348644151,-0.0435702653292613
Catholic University of America,1.436495752567607,-1.3548217193395935,0.2901346515331707,0.35184465726397113,1.9806505246898278,0.05781073655694017
Cazenovia College,-1.699432804458674,-1.0311791776394772,-0.6279580679301723,-4.3301795888133015,-0.014274782359163974,1.0335089534514441
Cedar Crest College,0.38397426109608734,-2.0389075612537093,-0.08117162474961476,-0.5385286006379859,0.5063800316710194,-0.20628144005829108
Cedarville College,-1.6282447216713423,-0.7845556155091126,-0.19492445632757094,-1.4648427295686295,-0.9599257629517174,0.23357212437307162
Centenary College,-1.6724557452168392,-1.3564575250468465,0.7797810761789721,-0.32902040837193397,1.5429710290776297,-0.8148531010599742
Centenary College of Louisiana,-0.00037439957180700927,-0.8940821385734414,0.634557826351131,1.5530992441525833,-0.7405111536718738,-0.20129137731274907
Center for Creative Studies,-2.121773629852594,-1.1247941052409371,9.006414516551686,-4.333297821640833,1.1354781468644939,5.9490649337231165
Central College,0.2101894179954806,-1.1084539539867642,-0.34786750222273155,0.5452495576694891,-0.5336960027404899,0.9161710282736162
Central Connecticut State University,-2.187931285116254,2.1806046041478098,-0.2344372273845418,0.0015130419312051814,1.8892049869384142,-0.006768812576606819
Central Missouri State University,-2.0848146111824324,3.081335592092341,-0.889102027226551,0.6186302998235731,0.20985984230608434,-0.8871863155909624
Central Washington University,-1.3610306280353561,1.6905873682612658,0.2600136360121739,0.7335332804298688,-0.016786595080073914,0.965504576133458
Central Wesleyan College,-3.0225638041194,-0.7023260604683891,-0.44601637557841217,-0.40905753535874106,-0.018256267643231426,0.7387356069445307
Centre College,2.643770421248469,-2.2997014486706884,-0.46926795018248163,1.4053840597281304,-1.3247250735252907,0.27400088403848866
Chapman University,-0.09647202909737505,-1.1027969206834787,1.0534557241437792,-0.08904317743172507,1.8019552989783618,0.12013785096389397
Chatham College,1.3029973826484653,-2.2274800122840106,-0.2941517704433197,1.458404801706904,1.2350565793921688,-0.9425523897905457
Chestnut Hill College,-0.09895357518565362,-1.919019474457151,0.7136042982113198,-0.5101204868811201,-0.048533321924585184,0.45538632330276746
Christendom College,0.16057624367808318,-1.4661571380296885,-0.6243220526411429,1.6943417309002997,-0.18207970180518906,-0.723621103209074
Christian Brothers University,-1.0036610647171542,-0.9263143996882967,-0.054952990573451016,0.611016553769964,0.08063245716977906,0.12845693089887372
Christopher Newport University,-2.083815313880361,0.9401767267902547,-0.0026295689556625917,1.4745647733693281,1.1349333717479204,0.7055680817095797
Claflin College,-2.6414164560805298,0.11490565686843934,-0.5182762322326637,0.9943107053541247,-1.112351639743359,-0.34148311829410727
Claremont McKenna College,4.466612343747028,-3.1678924236424715,-0.3358494021153799,0.8340367603924665,-0.4450870012346382,-0.20855640761534713
Clark University,1.9433014054648297,-1.532825869186898,-0.6139218652052298,0.5925168276425405,0.4358127170256316,-0.14243472721618458
Clarke College,-1.240785943676954,-1.533673675169598,-1.006714053960509,-0.28519644933585786,0.1641625331822592,-0.8304574984296978
Clarkson University,2.0809141646934735,-1.0962638582581132,0.2674842364179176,0.7781341934791352,0.42626837834672665,1.3624707828443356
Clemson University,1.3103870590788185,3.0083898853824245,0.14125791475732588,-0.24056290893019194,-1.1654398565535127,1.444641948986044
Clinch Valley Coll. of  the Univ. of Virginia,-2.968100525574854,0.4293065007325775,0.6152557900100886,0.5655205443734271,0.005405867939691221,0.38463615679475927
Coe College,0.27537223288853596,-1.192378162580265,0.5411300733232056,0.7181133568091971,-0.31164327260104385,-0.6452167782318495
Coker College,-0.7212531610893663,-1.6699795756220666,-0.8618219493930651,-0.3211506015716635,0.20266720115960504,-0.44250159047556775
Colby College,3.5443513610045634,-2.551214783354734,-0.26451424923989997,-0.06662412520399534,-0.2059583076283564,-0.19331661215386509
Colgate University,3.8831972837131645,-2.0562805815000162,-0.8019066863723534,-0.07667712629955445,0.425166028566249,0.09993104876726952
College Misericordia,-0.1933904104377371,-1.631094350757097,-0.1368254397978807,-1.7328885276579906,0.1764925427273763,0.5335300272837401
College of Charleston,-1.013096799573944,2.191755826477771,0.6866259612414402,0.5630378586921473,-0.9071052397956553,0.2737972119176331
College of Mount St. Joseph,-1.6156770778201526,-1.6655741574160263,-0.6582824167246446,-2.3015827677199527,-0.21470384180948127,-0.7762388326239295
College of Mount St. Vincent,0.2620536813732452,-1.9002916861710661,-0.2889229658947148,-0.4232978808268221,0.9114779073010615,0.15271198808343425
College of Notre Dame,-1.064043713173844,-0.7057147834159897,2.0381019964213447,0.7664989924483279,1.4788580801841098,-0.4735850015324095
College of Notre Dame of Maryland,-0.08649874815364109,-1.6680930610242666,0.23670306789087017,-0.8524603808121042,0.3302042370410066,0.27432096244489007
College of Saint Benedict,0.17877605806850685,-1.3232900038992619,-0.7877678361407741,0.13290828494369,0.0027168154641678574,0.3399326081334526
College of Saint Catherine,-0.25729509244812215,-1.5952226886141574,-0.5916430065741195,-0.02693595597800922,0.2914397712922409,-0.17931039908456087
College of Saint Elizabeth,-0.26241430818948214,-1.681872763847273,-0.47137787361368305,-0.4272563191093635,0.48113881271840175,-0.6260244717695195
College of Saint Rose,-0.6066218898996323,-0.7929377267228949,1.3494626746948464,-0.3047779001501093,0.1819101293041098,1.2134783650397638
College of Santa Fe,-1.7930733415290179,-0.8933057253248246,0.5144651850783477,-1.145031243046219,0.28923437093099147,0.35626359431694354
College of St. Joseph,-2.4324049351510793,-1.5179878068559536,0.1948700976566521,-1.5620930686843697,0.7245254319798884,-0.7858846202744361
College of St. Scholastica,-0.5300576712020966,-1.5597112128115231,-0.3950269472928885,-0.4702589409911518,-0.7354637434865908,-0.6432092641367416
College of the Holy Cross,4.37347250279075,-2.6083409406824907,-1.2420460343731252,0.23692143327737453,-0.5473914199134127,-0.03198278580907299
College of William and Mary,3.1877307684469534,-0.2652022783209804,-0.8536075949189722,-0.09904290139614927,-1.5441575892525268,0.7176798394263731
College of Wooster,1.8993136189290676,-1.9108281780782101,-0.7630921628761137,0.29482203422523984,0.5051288275605963,-0.0458266843400445
Colorado College,3.1696746320145435,-2.1322412217131466,-0.7645793705392926,0.5983594236749978,-1.1831353977051615,-0.5438585690417241
Colorado State University,1.2215666272669117,4.058563716543064,-0.8908874102407169,0.17017045128659783,-0.02713241275576339,0.03624303724931516
Columbia College MO,-2.3081848005102437,1.0031800599818623,-0.2686046947969161,2.2690521424472614,2.385866735773399,-0.6499714521541087
Columbia College,-0.5501340037129923,-1.2313442162010293,-0.2881586055522537,-0.026234485702378227,-0.8344740177846138,-0.029850117417446403
Columbia University,6.1106391591903035,-2.4998929938289787,0.4127481062429933,-0.7292946460638607,0.5692770438544116,-0.6558116334872522
Concordia College at St. Paul,-2.107687776921957,-0.8496576638100036,-0.2979912463603486,0.34456396256973765,0.7883968882946276,-0.4566074020014892
Concordia Lutheran College,-2.4824657497481337,-0.28255413613539976,0.5267574584755205,0.8151197768734704,0.34169904497416925,-0.9298072165936407
Concordia University CA,-1.2002444603393978,-1.0080593298361276,0.8239937306580989,-0.5512777537489927,-0.7894689341643687,-0.2659782873965985
Concordia University,-1.5141961925957161,-1.1940873609926972,-0.5420486349405786,-0.8273963691225039,-0.17527851945382558,-0.47942250103320466
Connecticut College,3.5946835704243254,-2.5321235444081367,-0.2672471211272854,-0.23995911778014994,0.4753787708326627,0.7467629173179554
Converse College,0.10354230181866583,-1.987130898457751,-0.24914071653484984,-0.2968493805735389,-0.9092830227123206,-0.48257676008546474
Cornell College,0.5050468417039408,-1.6238146201266415,-0.1898185846339487,-0.2973073522485569,-0.2514544531415749,0.011966610414955867
Creighton University,2.259403631310135,-0.7780502259420354,1.5292305130540118,0.03016024392722501,-0.15847999240145424,-1.2345205397035959
Culver-Stockton College,-2.1645570071998423,-0.9681368711240589,-1.0481121707509822,-1.1715570581008983,-0.7266610872804885,-0.4883818636044815
Cumberland College,-2.844092209825997,-0.6371444338799539,-0.5665886316840859,-1.8514790847496845,-0.6245017966396106,-0.7408833218094162
D'Youville College,-1.383682143622716,-0.9411498217360055,0.5613491376490649,0.09727115799185275,-0.3416059329407381,0.4103956603745509
Dana College,-2.8545622969696596,-0.9834209867801027,0.14792620311668617,-1.1719050359722893,-0.4484832534434029,-1.1381675254557888
Daniel Webster College,-2.1427262479535196,-0.7810119098513804,-0.9453114305312103,-0.9039761179778768,1.2249365385812416,1.323979279633006
Dartmouth College,6.853529908798482,-2.527062275140995,0.6098902715531861,-0.652429902507759,-0.7016947341417056,-1.3928557695805823
Davidson College,4.313452222714573,-2.5820317343535586,-0.1541536947099345,0.7157540632582748,-1.3156189476446267,0.33987494509760124
Defiance College,-2.5406621640615707,-0.9625268435586792,-0.327810209260272,-0.6828845560681654,0.5126621711391759,-0.89138778010295
Delta State University,-3.167084993232528,0.44564948626675144,-0.6273792866258409,-0.23066118259861657,-1.5214442952426206,-0.10041958713868379
Denison University,2.1801410446407714,-1.8697647855256794,-1.0073409717118083,0.21594077662027866,0.4791631301070266,0.21995595237930887
DePauw University,2.1509819495276106,-1.6891013578114558,-0.23674092845705597,0.20008251596317636,-0.4020691387062152,0.253678381752253
Dickinson College,2.5336097024719235,-1.7447052680109159,0.014419454737586691,0.025467145481796547,0.3486146177403658,0.24045164992059523
Dickinson State University,-3.6366676893819596,0.263499792495622,0.4645580060623949,0.17495984397508066,-1.386313810660289,-0.2425300651496113
Dillard University,-1.2837818941541046,0.039179450219703954,0.7413630705346387,-0.596739076370962,-2.3716949221458865,-0.9007717980489315
Doane College,-1.4168953439862635,-1.0661067395668342,-1.2123287965054028,0.24093224405381797,-0.7404470698434724,-0.461455717811584
Dominican College of Blauvelt,-3.578235166863014,-0.41543055240816396,1.552071462445332,-1.7668935560932957,1.208513606893152,-0.3329210252775921
Dordt College,-1.6820469679430792,-0.5394371288521994,0.5335409735805949,-0.2329970282170796,-1.6877270746885173,-1.2430378439782614
Dowling College,-1.9488755885805256,0.37887112497571085,0.37888924410229974,1.096866652700418,1.0653988556022738,-1.2599490325190639
Drake University,1.3395333659372335,-0.12283791329935875,-0.057921051934828466,0.7790328169575941,0.10202949492186862,0.4211866443247578
Drew University,3.3014906628077347,-2.3218935376235463,-0.30118656777829506,0.4679274557348697,0.33938456869513595,0.16885883478315122
Drury College,0.22951959025413052,-1.2817857945091795,-0.9211408843381039,1.130785106872456,-0.7349098696541891,0.2040238002043698
Duke University,7.140504117162174,-1.1314297685644472,0.6785384682245191,-1.3373288201657094,-0.9304401080517116,-1.0660228626412842
Earlham College,1.8978519111191725,-2.2641121413694676,-0.4058115598540565,0.5954904608895706,-0.15211822050364904,0.22960212382239778
East Carolina University,0.19566665342758624,3.562812683335758,-0.43157948088345294,-0.9114256006472521,-0.05446525814991443,-0.9256575848815117
East Tennessee State University,-1.6247477519883766,2.3327912388949468,1.1273584321631973,0.6574055082186344,0.07945774164154504,-0.9721361266710833
East Texas Baptist University,-3.553781502126337,0.3262103480398505,0.26495638869068183,0.3996855351622301,-0.4348724670054319,-0.28807713397231294
Eastern College,-1.7855134344303583,-1.125874689062791,0.029505648285711474,-0.6460838625102521,0.5480288893876706,-0.5329134898547911
Eastern Connecticut State University,-1.6264732178062937,0.519136583468726,-0.21317545205179256,0.2308686150491815,0.5724907825530984,1.1575563529491362
Eastern Illinois University,-1.647857006502054,2.3366034036905043,-2.1123720504198213,-0.7469086635297143,-0.10041362855355204,-1.5499962783545922
Eastern Mennonite College,-1.3110619410771427,-1.531238499277118,0.42224606576962126,-1.3403555148882667,-0.7209640745812952,-0.1725021367258937
Eastern Nazarene College,-2.4252295369070773,-0.8079008458342819,-1.0553137557729972,-0.7921474889304164,-0.2823547463139917,0.3241317639436642
Eckerd College,0.9875180517060345,-1.3912680888435565,0.28058563335723424,0.6558314930316174,0.037533327321075,0.02533658383720395
Elizabethtown College,0.4496931614685854,-1.4028791167102603,-0.5664317092106119,-1.0557783591420802,-0.4470905536582428,0.0355626931605458
Elmira College,-0.014412680902708065,-0.7629093942714091,-1.4581491943871476,0.9552512821172182,1.1504145371133634,1.3834828798968406
Elms College,-0.5597724921008299,-1.5214762451394057,0.10864887288063449,-0.2556404080683106,0.3047325543916698,-0.5361776509413736
Elon College,-1.2385420944836179,0.5663212287848544,-0.6556212785964741,-0.03777055323317066,-0.19238079738018946,0.21866238792570594
Embry Riddle Aeronautical University,-2.874207823928493,1.5716385438311733,2.0370036633953448,-1.5549190066324226,-0.7417932122566898,-1.487133648370218
Emory & Henry College,0.4921537997165274,-1.4849581452733442,0.220687786029742,0.693587519103064,-1.01144029903823,0.9302614988065675
Emory University,6.267502241013485,-1.3903647526352747,0.6875321189287756,-0.8486129101684131,-0.1071675194624362,-0.9285700032197415
Emporia State University,-1.3020724513099613,1.155498649717523,-0.3242558556471849,1.302850912507584,-1.7394015475436087,-0.06988898119912405
Erskine College,0.4550846513136398,-1.7263972681785762,-0.6937651771432423,0.7381839286593476,-1.55679076889834,-0.18488160087285627
Eureka College,-0.5204178902438409,-1.7100592091399909,-1.014740863950962,0.4449813362544863,-0.36382687026273414,-1.1118211202946118
Evergreen State College,-1.2074001280062037,0.20224398508441596,-0.07732603647409216,0.37123155563134413,0.22971846465582738,1.0173571429708415
Fairfield University,2.333020571956003,-0.5672653821792024,0.08974095756937357,-0.438233363627215,0.9107997531968572,1.4824408360460626
Fayetteville State University,-3.3112420179085906,0.6375835599679772,-0.983499746386458,0.9665571992204746,1.0093433907357097,-0.8954025600059812
Ferrum College,-2.9209615562650018,-0.08607133682903925,0.9988848760402638,-0.45686735286917973,0.5168381129015047,-1.1078870946897426
Flagler College,-2.899359542639894,0.3722920357000962,0.05561286135860025,-0.2403473419133101,-1.3588850418428806,0.04781330925234786
Florida Institute of Technology,0.8820756641095402,-0.42538076201165226,1.3087649646200485,1.1047362771675562,-0.19889131182350855,0.5205143774923142
Florida International University,0.8941747772603702,3.6307675544919866,2.400018572762831,2.657351482812046,-1.0433757333301297,-0.8436895895758786
Florida Southern College,-1.5633335855544184,-0.2830974202543595,-1.1226355411048345,-0.18686783578013805,0.8805690162553853,0.45686193656735313
Florida State University,2.371003376218313,5.441387615850839,-1.3820191657289318,-0.4222293082608825,-1.007237698006309,1.09445876775346
Fontbonne College,-2.9344315416861155,-0.4930448768518011,-1.0207665239115873,-0.6414155156078882,-0.6254246534008338,0.010790400538829124
Fordham University,1.8896868094292651,0.2508889022483337,0.6690076236299237,0.22490257142404857,1.9244092319849921,0.6779192676733599
Fort Lewis College,-1.4945160971565294,2.17978178996768,-0.007962538688641713,2.1252278244139915,0.1426692850077867,0.16016948623388932
Francis Marion University,-2.561991452249508,1.5256646120296224,-0.16643289658483465,1.3774192839175425,-0.2929961908216459,-0.5537651100277958
Franciscan University of Steubenville,-1.4810783167449217,-0.8645933162913367,0.0067931843349755185,-0.8086317744811077,0.013209030346969736,0.8768712858253189
Franklin College,-0.27967753539805157,-1.4867021197236496,0.20141797194520944,-0.1631225639888218,-1.0010849335967984,-0.5291959137785286
Franklin Pierce College,-2.33376902463485,0.5488254344538986,-0.44135099508883685,-2.0471053025221213,1.6978272946771436,0.1677949283092071
Freed-Hardeman University,-1.907969747764578,0.0002314239857040416,0.19340233584312905,0.6471936976589076,-0.8481162993347192,0.5052525750497633
Fresno Pacific College,-0.6901645698867538,-1.0794363494567003,1.3666648633433558,-0.13970360090662529,-2.065819374317098,-0.6331444657875909
Furman University,2.3338777624676115,-1.0006464564392181,-0.15877964819213983,1.0002806431860205,-1.0832377407585188,0.43399191807638515
Gannon University,-1.4378277084550815,-0.32462293284984367,0.19719745048723478,-1.7386311077898744,-0.4986725908576364,-0.5970035206254932
Gardner Webb University,-2.6874514660945494,-0.20431875995133844,-0.2867439436825,-0.30635713235421985,0.6793308299590576,-0.000834051440789006
Geneva College,-1.5488725230532812,-0.7690050401530533,-0.8081650290745321,-0.2904619195740473,0.2534127938792366,0.9598441544265232
George Fox College,-1.7498024867983288,-1.1867736344332267,-0.36421143034720554,-1.0811913691519557,-0.307245160569451,-0.8267246364665837
George Mason University,0.062001357943607234,3.0769313424476112,-0.34908870083508164,1.015944537698591,2.343514247088854,0.752687278358819
George Washington University,3.5257690269998663,0.2956983155681059,0.9451410890646504,-0.7733522691838767,1.6359193763508364,0.1447562164053626
Georgetown College,-0.8657526712276482,-1.0823045164511866,-0.5199845099064299,0.28262357746834116,-0.34646733247216277,0.3279438340989019
Georgetown University,5.5684011832846485,-0.7322475716785763,1.3100452658405202,-1.0814047340412807,0.10315179643625219,-0.27466402521682337
Georgia Institute of Technology,3.52403849778349,1.8403011362953108,-0.17757957264985844,0.5075124656610704,-2.6788509837900127,1.6767300703873687
Georgia State University,-1.7418451265354096,4.7060905425866135,2.5574247807471115,2.943102656801942,1.3245075238937432,-1.1393102690078543
Georgian Court College,-1.680078249255566,-1.3672775259703798,-0.4162776588074014,-1.0603337198307907,-0.19675160012127296,-0.16522306141881152
Gettysburg College,2.923352559302374,-1.769026551953015,-0.9690672778894177,0.28798182345352463,0.13856718844641322,0.19592484953740255
Goldey Beacom College,-5.662905395875171,1.1145260871523812,0.29361313850653814,-1.5627423756375123,-1.014504439890516,0.2878018460163884
Gonzaga University,0.7141065798584614,-0.47569100100718453,0.760616489488664,0.9497354652992764,-0.6238952191008316,0.005245819691638373
Gordon College,-0.3459203766508919,-1.342696005713677,-0.7951134279649986,0.46926155095981015,-0.07703417645746927,-0.373270745741848
Goshen College,-1.0421071074130497,-1.9069575275780066,0.4158323388979134,-1.3708429383595802,-1.231952712914485,-0.6230629995031156
Goucher College,2.0718204376641864,-2.433484294123775,0.4067676849739917,-0.040419059942593795,0.8347584295617035,-0.5229542760785654
Grace College and Seminary,-2.066936572034234,-1.2023399195091136,-1.1192990787246693,-0.7662005238749549,-0.3538921707198758,-0.9441723830097921
Graceland College,-3.0906199289735587,0.2793754090263379,-0.6249990478677276,-0.004637507398808692,-0.2447801249610915,0.7891227784387952
Grand Valley State University,-1.288448833725711,2.6070621638078793,-0.9604220136491896,-0.5416733258609879,-0.15607987286160882,0.47015551271690126
Green Mountain College,-1.6890491825886196,-1.029524813980601,-1.394967569252175,0.4220128092519245,0.5493601447188108,-0.07439160343111827
Greensboro College,-2.0444638350578703,-0.7026005028498261,0.3028608214389616,0.5295317279965148,0.3922609352299128,-0.3562503871991673
Greenville College,-1.8322053773993094,-1.1950424961094384,-0.5956044193605781,-0.8159479133604478,0.3483193088149083,-0.3428875757667244
Grinnell College,3.470988808986327,-2.8553109148845146,-1.1880683550475404,0.2733605899153051,-0.8132127109801103,-0.784161170425455
Grove City College,-0.20420951130649637,-0.5543916999773916,-1.799853736121027,-0.6087792860096836,-2.6901240729241906,1.3807567687425677
Guilford College,-0.13243228039080568,-1.1457017983165112,-0.6808600884660712,0.39698198509905874,1.0995069886169833,0.25772047998105296
Gustavus Adolphus College,1.514785041331924,-1.9272108362633573,-1.7038432284326013,0.3070052751641641,-1.0405108569637909,-0.30884393478651484
Gwynedd Mercy College,-1.1051117276688722,-2.357398188308908,0.05148441349398416,-3.149075817461647,0.029180172170561326,-0.45790156635231893
Hamilton College,3.721937510182507,-2.916214266844525,-1.5292886175661258,0.15609611406755167,0.039784826615808795,-1.0894783673119217
Hamline University,1.060998533649491,-1.6036727288888146,-1.102544284335922,1.101053206465591,-0.058362569575365966,0.12228314991092883
Hampden - Sydney College,1.0679208002736518,-1.990531694312356,-0.3913208976490974,0.9515039383450721,0.8184044540273974,0.9783774430061573
Hampton University,-0.729394786459381,1.6988333185621944,0.467342260804471,-1.1403884158079367,-1.145371847089167,-0.2163050119092086
Hanover College,-0.04298928582567866,-1.020034704326467,-0.26274567861986853,0.9941859384050811,-0.7781160104038207,-0.4094688166768874
Hardin-Simmons University,-2.303930582806766,0.44779958980075707,1.4815771494865588,1.3910250986012045,-0.4326922339836029,-0.050476208349303144
Harding University,-0.26878506728074825,-0.24806445097548263,-0.510957797954273,0.24835237168800212,-1.8686938847762447,1.4363668971943233
Hartwick College,0.8347216871175704,-1.6938243188215694,-0.5609419706604342,-0.3229796468462019,0.9784038200837162,0.09232185779253954
Harvard University,7.694199040753766,-1.2419204118957787,0.7927961748521982,-0.792584253333158,-0.9704582124656613,-1.83658638183081
Harvey Mudd College,5.639478827776275,-3.590890517985243,0.8198864851753865,0.5705855861111897,-0.8254356829887268,0.440289574576258
Hastings College,-2.0612201389745355,-0.4874002033530727,0.5485915444621557,-0.13022274373454126,-0.8870906263710558,-0.8656502108726035
Hendrix College,0.784512936103527,-0.9967329813996003,-0.5240786410809677,1.8267221357554826,-1.6570038606886037,0.006805661854396515
Hillsdale College,0.7715210010967436,-1.810241922728072,-0.9479206461352947,0.10818882889621291,-0.08893918529609071,-0.3447752296982419
Hiram College,1.270503786142873,-2.0214364620627894,-0.6929497425012213,0.4839746072234001,0.06506851263899265,-0.566397697213333
Hobart and William Smith Colleges,2.449644091651873,-1.8763021957577148,-0.39830281324949285,0.3624796384696128,1.6711294150691085,0.8852963320451235
Hofstra University,1.6575379930671617,1.6746122154865035,1.677131693350191,-0.7453486788276401,1.1454945147961806,2.1271406994538458
Hollins College,1.265036426150711,-2.4096732992672845,-0.326404412461355,0.23910523869506037,0.6561548209089735,-0.11739454960771771
Hood College,1.2642141473754018,-2.0461820309365195,-0.6896713749802519,0.3992262641527788,0.9076057234705163,0.32027006147826304
Hope College,0.7696535261812495,-1.2856096961793033,-0.6742384625323689,-0.018437219719772285,-0.6859856852102453,-0.2772166548227867
Houghton College,0.004161802337675,-0.7060891276476413,-0.436469953790713,1.4514103634556037,-0.7804611674804818,0.17148575871119776
Huntingdon College,-1.8762439967427802,-0.6984607573098742,0.31787599302424124,0.17019798579898354,0.08398436839246504,-0.548255324210557
Huntington College,-1.2506819916580225,-1.145785949440339,-0.6432055279989519,0.7612066391318539,0.3003996522467194,-1.369619596773304
Huron University,-5.104045872783571,-0.0007398828524718944,1.8741874448144935,-1.6576083858183208,0.047590018642655656,-1.3691542448660583
Husson College,-3.7623841746058106,0.03976400773180393,-0.9732881436955039,-1.7906377175650785,-0.12229925506255858,0.15989996312040128
Illinois Benedictine College,-0.013045722675775582,-1.0776509375930252,0.4943708958889748,0.8078127711019898,0.2212605469309414,0.4379475347087062
Illinois College,-0.8992292423018348,-0.7700892426054781,-0.1885609169760517,0.6201850015776104,-0.7742051298597477,0.5588188553112283
Illinois Institute of Technology,1.2980561549370673,-1.2797886514370718,-0.2621306400128127,0.5732345232781481,0.06542997267334841,-0.22142036614405736
Illinois State University,-0.4008586478753668,4.7700479035749614,-0.2997154685475939,-0.010674594191268722,-0.006935753807541052,-0.049460211169566816
Illinois Wesleyan University,1.9439953056830646,-1.6648669825417435,-1.4447107274217181,0.32291027037678033,-1.0663918528462668,-0.021045998634305847
Immaculata College,-1.2435897499773256,-1.5950448420066936,0.07373381020710831,-0.9737540916119574,0.7291358027151948,-0.3225779256996957
Incarnate Word College,-0.7922892145664386,-0.4567604650915493,1.8001375380762263,-0.43909157648247393,-0.5376300635945144,0.3461303238286519
Indiana State University,-1.2033019247617,3.9108283976485425,0.8055581859596449,-0.07725241066783316,0.3495668193150424,-0.5686303143488497
Indiana University at Bloomington,3.5114946558117373,8.045515650341844,-1.3117322673557403,-2.2783974828706697,-0.6656592600150245,0.26239511385734665
Indiana Wesleyan University,-3.8402475441327026,1.3577639692040673,-0.8212164020676019,0.10839522758475348,-0.8906694561261629,3.2800859693192743
Iona College,-0.18213118160296884,0.6466802691976772,0.14953634750925868,-0.9288180762491105,2.345125113651544,0.8143663085960026
Iowa State University,1.3685147795474961,4.92220334326375,-0.4714880634713167,-0.3736719751884834,-0.9882365923050348,0.32611220279376063
Ithaca College,1.3391352171223192,0.286666746596616,0.20370565729524828,-2.307669192101226,1.1052157766794088,0.4755736728710454
James Madison University,1.7456445331493369,2.0369986768809922,-2.118135627940268,-1.4552659315148813,-0.7203772209461986,1.1897099277847913
Jamestown College,-2.965839171991321,0.10022848187947533,-1.5708637701733092,-1.0652851883431613,-0.6060676923084853,-0.01688117414577973
Jersey City State College,-2.671149550785651,1.1288830802996808,0.21333061981859014,0.13791251334320712,1.1563252637410184,-1.0635679599627883
John Brown University,-1.4409253961760125,-0.830058696681192,-0.6261875787842113,5.377419539684995e-05,-0.6634518587247844,-0.527230385822424
John Carroll University,1.2394982148544007,-0.8326358193887441,-0.9441472775881992,-0.011058804874646559,0.8374583075607384,1.5045361530828623
Johns Hopkins University,8.047182206825617,-2.617998440897937,2.02732381014025,-1.0783503898273294,1.0202080518124739,-3.3699517524040123
Johnson State College,-2.154920969854697,-0.23083787470241446,-0.4113527531289621,1.0698869444622185,2.1713495341375246,0.3790672013510437
Judson College,-2.695263181850281,-1.3761401275936276,0.833881576323853,-1.6743475647953545,0.08011361656482763,-1.1080417528335862
Juniata College,1.611655042642558,-2.0418562748629405,-1.3290095269022544,0.9905415154971711,0.5362408369795274,0.3112671533030343
Kansas State University,0.11702220241572865,3.84488283829373,-0.23063355178812822,0.3742738952216151,-0.8391076458035753,0.03545243653008164
Kansas Wesleyan University,-2.38572595868086,-0.7342998690513695,0.051871073697115175,-0.6110898861726324,-0.45153985167694327,-0.5016805013149036
Keene State College,-1.9573129080531442,0.7836386145559576,-0.5290736220894419,-0.26495566157669387,1.1658873127250928,0.26548521574923484
Kentucky Wesleyan College,-1.576123003523308,-1.2778536398635783,0.04283583095673354,-0.5638481892704296,-0.4551161940933807,-0.5368286837953186
Kenyon College,2.9263320000902073,-2.3224758062977773,-0.15653498427279416,0.41060782831544457,-0.6693718282266936,1.026641616745426
Keuka College,-1.049885838323151,-1.4693501179609856,-0.11598943062980306,0.2115592978807946,0.514575351408708,0.510084400798701
King's College,-0.5083043516649891,-1.1665033166719025,-0.594483997658677,-0.43359421059056774,0.16066252260992134,-0.19353203795786314
King College,-0.9697091411412885,-0.763865014018745,1.7232071064887127,0.5227055656095121,-1.8858391888125479,-1.1481799743407344
Knox College,1.9331161168161652,-2.0426878058415756,-1.110708039046769,0.9809761632820287,-0.46179063995519637,-0.26506292379390056
La Roche College,-2.0791959487992773,-0.6096046528098894,0.5503657575032338,-0.20279652190706185,0.8647491868165602,0.3522967715191369
La Salle University,0.5987674407079457,0.544848872769826,0.8830213295305077,1.2372109528736388,0.9643398942234578,-0.5214901917636032
Lafayette College,3.081533617573872,-1.8587938757748925,-0.020370257482117234,-0.14258295953558459,1.0147320981588603,0.3810220256397863
LaGrange College,-1.3383039616396981,-0.48866846492187016,1.005766245187277,0.5817806083452915,0.09517540724038101,0.7961467046841607
Lake Forest College,1.6947385966154758,-1.5843288591628464,1.8192017616267315,0.7980812107613565,-0.145595043575879,1.1659841990300637
Lakeland College,-2.1946297593267743,-0.4447689609606383,-0.3646924160324196,-0.386549675404949,-0.1182821783850953,0.14483192983335857
Lamar University,-3.113759700559827,2.4037725996032377,0.2545712572027668,0.7329142670560189,0.7319308219688713,-0.6206644111904364
Lambuth University,-2.9420271129394577,0.07546137893077041,0.40454259704972034,-0.13872304154845477,-0.4443680154786332,0.3023886238653841
Lander University,-2.753128755593846,0.7062515003766806,-0.007091207284549822,0.7705274079323734,-0.19682671369046809,0.05429916576976533
Lawrence University,2.3421854028381994,-2.6365217689328935,-0.4105493413166658,0.3139011918414459,-1.1492041001133715,-0.4951546192533318
Le Moyne College,1.072754231397759,-1.2400294948075188,-1.4165807287774423,0.6974445622137391,0.2413645641667904,0.3813735754082403
Lebanon Valley College,0.6533933477548047,-1.535939979751849,-0.9320497529450512,0.3078521029114872,0.4423078563004768,-0.15809336932425633
Lehigh University,4.152171099447074,-0.8490761042394396,0.184289549355799,-0.2232721512999502,0.05703235757571876,1.1727049759297228
Lenoir-Rhyne College,-0.24271946461264968,-0.9734578764247644,-0.8538756151866761,1.1940938982430236,0.551553061713672,-0.2959481163631035
Lesley College,-1.637796760785777,-0.3238309889388064,-1.0101437333173628,0.9007359186483958,1.4262768150711513,2.275401947180511
LeTourneau University,-1.721393388286135,-0.41591505408104656,-0.0068228486229911615,0.12376678886415553,-0.7224020971476484,0.9857679331107465
Lewis and Clark College,1.8044942776080763,-1.1224473378670106,-0.6096484098739395,1.023064579964532,0.8137208287218214,-0.0779160169155911
Lewis University,-2.8249085778560508,-0.31762902564945794,0.4244913129737366,-2.032927143662543,0.6443015936313686,-0.5386156092731347
Lincoln Memorial University,-1.7772689284493544,-0.4042637395780439,-0.08797651039960963,0.5643307099374932,-1.2634011237264784,0.1330696589237122
Lincoln University,-2.1667636711811213,0.014141797380250794,-0.28587469381667313,0.5315967758852842,0.11119047929559121,-1.2884162670613288
Lindenwood College,-1.8158572007971958,1.0836249930791582,2.866536756225708,0.7928833223619816,-0.5481155976086463,2.658757990353392
Linfield College,1.3447556490386223,-1.0634365955561773,-1.192164625856956,1.0891293707451375,-0.6088487150766078,0.8575104385254874
Livingstone College,-0.9624450506068274,-0.9919982585384183,0.7180771940893286,-0.3186886319611485,-0.6701113081683601,1.2160069591877618
Lock Haven University of Pennsylvania,-2.43290953355389,0.10631767995678999,-1.9880195681414137,-1.62249494819379,-0.03974710217933071,-0.8206416749095826
Longwood College,-1.3307042792882369,0.6929741097265208,0.024994914261916516,0.6786644755379289,-0.33881465724836207,0.4079816584481992
Loras College,-1.4083890386629494,-0.7551373646792725,-0.3010573267822394,-0.95117701385583,-0.07648436149875591,-0.13456359485892488
Louisiana College,-1.4316925965468417,-0.2421438828216203,0.35300532082688535,0.3538712207343891,-1.2377568876014542,-0.8365445827656401
Louisiana State University at Baton Rouge,0.18836864546403964,4.907458698422745,0.476944738513475,0.9471145681794451,-0.45226621873735334,-0.7932774482988135
Louisiana Tech University,-2.2302984269703447,2.447077242982173,-0.07367962650186025,0.8279015168071935,-1.0633991463775805,0.4111946005992001
Loyola College,1.3983029213362645,-0.5779960920413418,-0.3615556968880079,-0.3299649256144279,1.2872637524590422,1.193969443153087
Loyola Marymount University,1.6836156892158047,-0.3369849198217012,0.04699060552117537,-0.07675947207848063,0.7587928992086999,0.5528840871000872
Loyola University,0.685581348894437,-0.5218201845360018,0.3385903284473941,0.3039273106079387,0.9381288684266581,0.4892259872912716
Loyola University Chicago,1.6468142943713882,0.6924474390931503,1.9915054199269069,0.8946389097315381,1.5517924526475093,-0.7927767075547804
Luther College,0.8647182655177031,-1.4336650382263432,-0.9045933012344707,-0.031708592643166895,-0.9795616030556757,0.7861619363660862
Lycoming College,-0.44672149398279765,-1.3172582370894268,-0.708566721404685,-0.06194610755917183,0.6871546632161364,0.2911525579266803
Lynchburg College,-1.3964563883548409,-1.1569878277816206,-0.38107854087728377,-1.3720652451951454,1.7819485121064922,-0.1984671940474479
Lyndon State College,-2.913166398957949,-0.8502337918088729,-0.10032798753730272,-1.1198622402403184,1.1916370178570777,-0.09807363018873712
Macalester College,2.691896098796667,-1.938805261808628,-0.625162938949728,0.33626847756963363,-0.5966556560343877,-0.018112473328442184
MacMurray College,-2.159214999635859,-1.505725118946572,0.2764048078800163,-1.4973751384901584,-0.037033928089967166,-0.7030772990462354
Malone College,-2.977995428924633,-0.3816337651255338,-0.387477163032449,-1.4446813910486422,-0.7038215619203079,-0.22355468264432438
Manchester College,-0.9596375544297556,-0.9914078314827766,0.23966515956530698,-0.11983170421435753,-0.5749610473131913,-0.36916144380998006
Manhattan College,1.3979691831789576,-0.7948131592753434,0.12341147778514211,0.6231427842518159,1.381791394290033,0.3794105032159065
Manhattanville College,1.3766316198977044,-1.9963035748934286,-0.7198656247768236,0.7623866875416853,2.2957554644315503,0.4639837194900022
Mankato State University,-2.4962483283590196,2.479086216897337,-0.8110243554500545,-0.4784904022537257,-0.4131385067604694,-0.25407699918170773
Marian College of Fond du Lac,-2.979192599812349,-1.0726288237910993,0.4128799212625322,-2.3034136580627216,-0.6321572983519969,-1.3003570427704754
Marietta College,1.0168258119056535,-1.6266774394886838,-1.1659481010502115,0.4427565946466317,0.02622588028916948,0.435195562952523
Marist College,-0.09007772788722601,0.16237418135520973,-0.48690008973874915,-0.6018401126091224,1.455334199168916,0.8536223646750515
Marquette University,2.0477251782166164,1.1525814167962642,0.1775549470537372,0.24253036361093222,-0.30056650545836544,0.15440921770328475
Marshall University,-0.5617377043658288,2.7785498898716163,0.469364840348187,0.5805286964276586,0.1214234623271485,0.6860997231753112
Mary Baldwin College,1.2315984665868318,-2.75602410145811,0.7704439446708707,-1.1199665317603298,1.0798855350911496,-0.024600150976131118
Mary Washington College,0.546547248210367,0.4035319897577784,0.2017350997189533,0.2790803766291349,-1.3463550110947688,1.0543157227928561
Marymount College Tarrytown,0.05894182550261496,-1.8687162863706204,0.40042278246463586,-0.1155349968342886,2.070185645125776,0.408380956507163
Marymount Manhattan College,-0.6357921596499101,-1.471057581947621,-0.13575017370722917,-0.6993117723904445,2.2398114755609106,-0.6227946083988007
Marymount University,-0.9545366396663364,-1.0331880146657528,0.012958878953157825,0.14060949108582033,2.0057318731842035,-0.1296109592341073
Maryville College,0.005488193688740381,-1.2678198109860346,0.10003658508743771,1.133376927329873,-0.10237781429717133,-0.6208245372053974
Maryville University,-1.9601406574236653,-0.5831782862537906,0.12332019194758372,-0.6948132082688557,0.1436739717210186,-0.7833420341717089
Marywood College,-0.6630160341337361,-1.3078541439264124,-0.031382730241907415,-0.49847053499631877,0.4250638311123872,0.31611252789383437
Massachusetts Institute of Technology,6.741215495253709,-1.9621211960343667,1.7016083599040244,-0.013969209581550446,-0.9792538533900359,-0.5320662608673542
Mayville State University,-3.6307204488165263,0.28759300657822834,0.6191852209595304,0.6300020205018689,-0.16055302728185492,-0.08442780297226068
McKendree College,-2.0021932829783666,-0.3829811395650064,-0.7176406373872233,0.5112963336453308,0.17460282099505076,0.474939857087979
McMurry University,-2.579036905197184,-0.3170502301656456,0.34241079920671885,0.2413176669130053,-0.39592037808287034,-1.4983609133616775
McPherson College,-2.3069879754765696,-1.0868521939045708,1.7987416022907792,-0.5135178172825935,-0.8972483594504673,-1.5995305081165316
Mercer University,1.4360646877886525,-0.5912724324322288,-0.5368443590784279,1.0496463867539834,0.028812859450247873,-0.6857718765270782
Mercyhurst College,-1.8559463384381165,-0.8433022699856149,-0.9643465690009175,-1.3913556000809455,-0.17547391315073496,0.003696846568620469
Meredith College,-0.5922380702727689,-0.6837901825084655,-0.8377903499524675,0.7745560536380097,-1.0630994326584222,-0.1565926927851446
Merrimack College,-0.29567441805459355,-0.7705351135714946,-0.9733429766537146,-0.5635448197550325,1.799019549052033,0.2716235611463703
Mesa State College,-4.249334792869544,1.8737014540252388,-0.2429523014352316,-0.6518457199201217,-0.39409901083438065,1.0978789342240798
Messiah College,0.25476092567225894,-1.1130090707156992,-0.7081395238261698,-0.6044014304398063,-0.32837090050012424,0.32242227260218115
Miami University at Oxford,1.6478580596009558,3.680067072413825,-1.5506340071077953,-1.174800237429239,-0.15217407991736034,0.4210141474532948
Michigan State University,4.363229511396828,8.422860207547606,-2.173575062763061,-2.61979227121953,1.0938552551804015,-0.44185303063883297
Michigan Technological University,0.6442592044549034,0.5702124616842975,0.7565903089786591,0.4802846276538054,-1.4555814589498326,1.9595273554984922
MidAmerica Nazarene College,-3.9077099968698334,0.7768825543923105,5.377026466078046,-1.1067167194260648,-2.4628370371833017,-0.04513912645783587
Millersville University of Penn.,-0.3403331051310004,1.1395573975423687,-0.933877547104017,-0.28771626528651295,-0.2898795730417521,-0.04199617589632643
Milligan College,-1.5408912023095758,-0.9591527497613579,0.010730611148327289,-0.18865503676618112,-0.6590000423971677,-0.14121140183337452
Millikin University,-0.1660752938761845,-1.3046302928499607,-0.5304911457664779,-0.625070286325597,-0.22271585547742376,-0.30488500730938456
Millsaps College,0.5184380319195832,-1.309513233177391,0.08817741918941975,1.0044810808568285,-0.21599427707232252,-0.13415173117047022
Milwaukee School of Engineering,-1.656110460064282,-0.2170122263359183,2.4975675391302494,-1.7180364742909964,-2.4477581633811973,1.1657892023527952
Mississippi College,-1.2979124913060125,-0.2099356944307735,-0.6003063257503594,1.01171903558123,-1.0762027632318565,0.8332067266467493
Mississippi State University,-0.4698995300930716,2.0117317692797587,-0.6601424021793125,0.24239340985066862,-0.3708301913336215,-0.4158970715510344
Mississippi University for Women,-3.3135375396250266,0.35802416014614435,0.3503483557420156,-0.4983891106732687,-1.465318635939391,-0.06373368892972514
Missouri Southern State College,-2.6895267217041234,0.667196453280869,-2.9412859940044886,-1.215019305891032,-0.5837190850797334,-0.028952732162968176
Missouri Valley College,-3.3668546623096107,-0.20445292282191388,-0.3807077157037384,-0.8611871416665436,1.0725655267905612,-0.17162151630683486
Monmouth College IL,0.6482269400945939,-1.9910437478608587,-1.230256773225195,1.1586573967435874,0.3263180377121454,-0.4037604808293688
Monmouth College,-0.7180795761670548,-0.05734665575026796,0.6373936927025841,0.1850033116916617,1.531218661885787,-0.16231402974458095
Montana College of Mineral Sci. & Tech.,-0.6344003885011688,-0.6708973308387666,-0.46279370711529905,0.5245699074302422,-2.0010376452581244,0.40278938413764936
Montana State University,-1.5106227700233932,2.746142505928986,0.4608011527720603,0.946589102541053,-0.011270721457155635,-0.2518944443661894
Montclair State University,-0.7407708178482021,2.232705007068411,-0.08908336746939284,0.9333730580491902,0.8496404324389335,1.756928962477405
Montreat-Anderson College,-3.990874778119719,0.06687679477120764,2.5103907720703624,-0.3150980253965503,-0.10364252070722664,-2.492936455535186
Moorhead State University,-1.81911334867367,1.5196570702871468,-0.8202375216970423,0.6022628327523639,-0.37595556672773406,0.8574940528011267
Moravian College,0.6736670794425567,-1.1822480018786317,-0.27052797818651286,0.8735053568852934,0.5926099450164767,0.6136461386669781
Morehouse College,-0.016992890052215815,-0.26854138084199825,-2.054662157039003,-0.47699243578539396,0.13010867364033296,0.20934631648297497
Morningside College,-1.970531493781932,-1.2280502421326966,-0.15631847912434416,-0.8042773895212233,-0.08924586372818835,-0.45257502079338124
Morris College,-3.533407278146047,0.22009979769768895,1.2954218063590959,-0.41576841036815004,-1.1213499203173374,1.0117066883411736
Mount Holyoke College,3.4740403001045332,-2.8549783121470207,0.7932212203887951,-0.5394794657106255,-0.038938082582776014,0.4720640186408395
Mount Marty College,-2.9434481105708947,-1.240575506540657,-0.4939517053063455,-1.0138450214429036,-0.7381044684518435,-0.616639163964544
Mount Mary College,-2.466507605040192,-1.308348999101713,0.0758433481709983,-1.4837545456062604,-0.5307374175710065,-0.49493057840758975
Mount Mercy College,-2.2129761599843882,-1.0558618393103316,0.9198738139941469,-1.1087636689251257,-1.169425128678115,-1.3564648378222646
Mount Saint Clare College,-3.6095991875194344,-1.2680872188684709,0.4505113501381095,-1.6958053769576151,-0.7322009540049428,-1.2595050787818365
Mount Saint Mary's College,0.22444357759733685,-1.7010443073370984,-0.3141338090040517,-0.48034439514876204,1.556422806849614,0.7092590170157302
Mount Saint Mary College,-1.0755865622622498,-0.8401558784267682,-1.5524835294977595,0.14731900267771056,0.3145277386120622,-0.4542647641895345
Mount St. Mary's College,0.39341907316743974,-1.6808517982855813,0.981041560007815,-0.8250260787962845,-0.46126194789534025,0.23341641262057847
Mount Union College,0.18433663373908557,-1.006605942077734,-1.5559492645755175,0.9189169018547427,-0.5409587044489895,0.27498375071645403
Mount Vernon Nazarene College,-2.984317471129671,-0.1530042981402452,-0.4385432507909362,-0.6466952283664404,-0.2638179433856442,1.0744786379108608
Muhlenberg College,1.3960647404377524,-1.6611383276675218,-0.340486421879001,-0.3431179069677062,0.12010912301807197,0.5327644902460518
Murray State University,-1.2281416492411212,1.2464927315270415,-0.42193424637010885,0.49859201553073884,-1.2047313169780465,1.318862956174241
Muskingum College,-0.15829069418732689,-1.3038883330075839,-0.27335103079161394,0.05842775587798128,0.1844710896285603,0.5840403440658649
National-Louis University,-1.7249664348655687,-0.41354939896713616,-0.12285472008173867,-0.6649608400333153,0.31723136578420236,1.470676377626656
Nazareth College of Rochester,0.5043321095398504,-1.1736340999960384,-0.21293993470224803,0.8163075714280293,0.3244276889348571,0.5677717099895581
New Jersey Institute of Technology,1.0492255130477757,-0.011897743234630541,1.161607529223138,1.434104782818814,0.6840981843839482,0.5919332694403623
New Mexico Institute of Mining and Tech.,-0.2207659234951463,0.02249497664215912,0.19144529739459581,2.8820420392874837,-0.6266206396901437,0.2696771062118385
New York University,5.951384865620174,1.8821551453914587,0.17665991079264642,-1.513040376042186,1.5740262820436801,-1.4173439478266412
Newberry College,-1.9129136918077523,-1.2449008133226043,-0.31798473253109194,-0.8212657833574966,-0.9694454217173867,-0.5452207014495423
Niagara University,1.5712355197139778,-0.9121789321929895,-0.9242028915753543,0.8279623179101135,-1.0783055041130072,0.3847053406284784
North Adams State College,-2.654864614581215,-0.2454812943820463,-0.3190265450660522,-0.2905219836448884,1.058503173631747,0.13564847526738724
North Carolina A. & T. State University,-2.1474375660319804,2.2936079626853885,0.0400266156742938,0.2575368672349126,-0.6778785696438644,-0.19499607891537765
North Carolina State University at Raleigh,3.3867047305490114,4.684632697001842,-0.2576764192209287,-0.017921498513249392,1.435187478787835,0.41959301270415345
North Carolina Wesleyan College,-1.886176600022627,-0.4678400271893391,0.6414592053807875,0.41519267645535957,1.1356376362163345,0.056506645556523016
North Central College,0.8611264661713072,-1.2588499977620982,0.007479597850985664,0.28503254752261725,1.1247426449790436,0.3977058561826017
North Dakota State University,-1.3348706841375335,2.0866644290511265,0.1438172227494903,1.169081571727245,-0.7219265408199697,-0.08726201423971669
North Park College,-0.5501009577831645,-1.5367163750799107,-0.7403613795516546,0.11315724448633943,0.7643660516659461,-0.3508562208061614
Northeast Missouri State University,-0.09507703917751505,1.5496563578120235,-1.4956482212540627,-0.7274148493270977,-1.3696882556178076,-0.10414710181559193
Northeastern University,2.0083264877200393,4.994347820567755,1.526458934571368,-1.0890285150974928,4.248195369218707,-1.2376307273326141
Northern Arizona University,-0.7440848965288421,4.081826663101191,0.4166696219961606,0.8322704267217429,-0.02673173274736276,0.3173701778602508
Northern Illinois University,-0.23903381418771744,4.477046811439935,-0.8608026991501408,-0.9260072239315892,0.2759228058664228,-0.45402090334177575
Northwest Missouri State University,-2.915736977953997,1.5989873902737133,-1.8367407061885226,-0.018641969697366055,-0.3915049046868192,-0.5760510922512432
Northwest Nazarene College,-1.9963213032505838,-0.8181870793232192,-0.7808093044186177,-0.4616834454774829,-1.0463036963473424,-0.3162330889310176
Northwestern College,-1.3410142590600103,-0.8269710363554144,-1.07312853746642,0.3004250252026924,-1.1461709346590414,-1.086210601458975
Northwestern University,6.5099213224829535,0.1575105688302256,1.4653972827218928,-0.8860886823786522,-1.026346957641255,-0.47388270799682036
Norwich University,-0.7636324770291167,-0.910817321921461,-0.2808732821772265,-0.7380848523979863,1.7725174119393203,0.08803315672553215
Notre Dame College,-2.938572068942921,-1.3496523463656582,-0.2645252606447876,-1.4874803851236442,0.6363118511093302,-0.8955177274802285
Oakland University,-0.40818807402036716,1.8753567204653305,-1.4545034989005048,1.395318908238395,1.3100924678033787,0.25806962058688543
Oberlin College,3.8684521698281396,-2.0395379318935785,0.13333551291927667,-0.4935250684002289,-0.10718038156618012,-0.11656610688198858
Occidental College,2.8350695041346152,-1.953293492188401,0.21237643512888124,0.5664727152673363,-0.13739150908628417,-0.12393016653775539
Oglethorpe University,1.4212182215945817,-0.464261426936065,2.1811473979698355,2.608554002204051,-1.9096048496139013,-0.8875537445930208
Ohio Northern University,0.9691107204371175,-1.104190678725663,-0.5205956225823597,-0.672989919486014,-0.41752356249755046,0.6765397152946644
Ohio University,1.143328255155605,4.965665044128339,-0.5207989614137203,-0.6667965169838315,-0.22223489936315619,0.2060061200239171
Ohio Wesleyan University,2.1282473948641467,-1.8079278339947547,-0.5173772253682328,0.3445970109415309,0.9604332057279134,0.6198290472495469
Oklahoma Baptist University,-1.8126579815429529,0.021984162676274028,-0.15822238241494624,0.5269444692851263,-1.2269786777265295,-0.1739733191413147
Oklahoma Christian University,-2.8084631884941684,0.32887433910257946,0.419595872021514,0.2659156395388659,-0.7626511290489562,-0.5064106638423718
Oklahoma State University,0.09606822417328295,3.6550716190260006,1.805579217576121,1.3390537268298084,-1.1307266003819845,0.08962685330752404
Otterbein College,-0.19564905460052617,-1.352520382286443,-0.9778950757614816,-0.988375196368574,-0.04113792559191953,-0.1423372892387422
Ouachita Baptist University,-1.5377865637022583,-0.2474483883557835,-0.07790071120879492,0.1662492050095034,-1.689527034022662,-0.3688515308422781
Our Lady of the Lake University,-2.081791310429162,0.025802363071192057,0.7999508250066943,-0.15782899594052544,-0.48487126330629854,-0.2937089510630242
Pace University,1.9149110998186443,2.0701146087294453,0.5058662614599648,0.6026564712894251,1.2147745342263108,0.3430511125341189
Pacific Lutheran University,0.7431049854351119,-1.0614726404500494,0.3839841741917718,-0.10391995051179154,-0.34612221691938505,0.07946848120472126
Pacific Union College,-1.1157540681450153,-0.6468073143184246,1.144943333785498,-0.18186891118742773,-0.15501221781051577,-0.08715329696509967
Pacific University,0.14611679689909043,-1.356598580079915,0.08613627617731102,0.5592492199587714,-0.3640513357387598,-1.0051327628508893
Pembroke State University,-2.4412880231059733,0.5763499953522392,0.15285530860764382,1.0696648894739376,-0.028318065106849116,-0.06267974895844758
Pennsylvania State Univ. Main Campus,4.1285889920738414,6.848417061820837,-0.8349560719691277,-1.339425459207002,-1.4036834514799494,-0.5331355524352427
Pepperdine University,4.190419032864138,-1.490570006491503,0.11719619040133573,0.6805209902351695,0.4663616896074026,0.03813273761818859
Peru State College,-2.921285375217765,0.43551373636874496,-1.0457710571549985,1.2517377976343969,-0.4834748346779921,0.7600332911644695
Pfeiffer College,-2.77314474278469,-0.3865264565489453,0.3677359621877154,-0.10191514701208661,0.369743844932317,-1.3457078637258335
Philadelphia Coll. of Textiles and Sci.,-1.052192951869198,-0.47684190175135555,0.9508278086399049,-0.7224239070963525,0.7398381441240169,0.022522709077870795
Phillips University,-1.8395998369166733,-1.0137376944187508,0.658003075660538,-0.429281962437185,-0.03786192930698568,-0.34215023596583516
Piedmont College,-1.5846512688517027,-0.30043340312900874,0.022666666743945265,1.7788952430600427,0.4673135148050352,0.37272910129212433
Pikeville College,-2.6537897723568578,-0.8500170030226826,-0.5938616899572623,-0.9677478908890844,-0.9887926406631798,-0.058334604577571336
Pitzer College,2.3555844802990773,-1.9308694642929245,0.6803620535709404,1.0480821333932995,1.376793580638736,0.7235155535018394
Point Loma Nazarene College,-1.3339593202300308,-0.5122359136939989,0.6654575177399902,-0.1204431754558443,0.15962661220487326,1.476346923632695
Point Park College,-1.8058302129724033,-0.4449983385764639,-0.26336134409435613,-0.16649509736324627,1.4278115984112176,-0.24443557953842338
Polytechnic University,1.8781094371499736,-1.1457650373264503,0.9757057215218482,1.667706601530507,-0.9475161052581464,-1.5015560884725847
Prairie View A. and M. University,-2.8574419333709784,1.9736533267590175,0.279262201456663,0.7452195386802218,0.5712186066917999,0.6245192128754897
Presbyterian College,0.5940809535422268,-1.5012595627036895,-0.4661829609828413,0.5680324684808716,-1.0949204102195405,0.2615474337583568
Princeton University,6.927871404259326,-1.7455156202297326,1.0397257172786039,-0.9510481406388381,-1.3103927904850603,-0.7506960140062718
Providence College,0.9281248527193138,-0.25780779626692224,-1.1847487095195544,-1.4952370361375111,0.9724392398468537,0.7781983787884714
Purdue University at West Lafayette,4.389252936048303,9.462417412561804,-2.034701652262496,-3.374188126689594,0.4855253267265877,0.062437410095981374
Queens College,-0.15447490932375113,-1.206522174942525,0.8708516258234642,0.5283973780958477,-0.40464911465731696,-0.03817998903039904
Quincy University,-0.6196826063514159,-1.1949948137055315,-1.0677515742358605,-0.13976811714132314,-0.6905882885472276,0.3603799331452268
Quinnipiac College,0.5608888489505984,-0.965338357416307,1.3150122773076298,-1.994712355577066,0.9259471898298129,2.335936874582888
Radford University,-0.9309251816395652,2.3826580392628327,-1.3863600204951285,-0.4060349409192999,0.5568826755447556,1.0013842416220196
Ramapo College of New Jersey,-1.9316648541095385,1.1290798765886905,0.5830144957922018,1.448255889946751,1.5585947501503794,0.6560997333534571
Randolph-Macon College,0.15612618623810667,-1.70795040787987,-0.9462672201578036,-0.09688168832851005,0.16685571027230697,-0.748619405068721
Randolph-Macon Woman's College,1.8036975679751501,-2.214381674019894,-0.24366606556899517,0.7967566732376816,1.3817447840905595,-0.7906561396188285
Reed College,2.8239794448738857,-2.454055459896209,-0.48977602388399444,0.28265103193574426,0.520085303937998,0.014672278109826055
Regis College,0.5462488027637912,-2.2696028848839713,-0.5935800068422877,-0.1384886660640788,1.5944193117809675,-0.07784510476877268
Rensselaer Polytechnic Institute,3.6295204431199877,-0.16666232254575752,2.596760563097728,0.008596379801787169,0.006388060492938031,3.206591462548298
Rhodes College,2.911540953883806,-1.9047274718010592,0.03755813089607182,0.9067855408111718,-0.9470948486948603,-0.25288304807954903
Rider University,0.5099303729988847,0.40379521408659247,2.1347094137792952,0.7033486285077575,1.2054164414918376,-0.25891547651774827
Ripon College,0.9940582325941162,-2.4490086202024615,-1.1743512492403254,0.7398445437062862,0.3946285611359117,-1.023922812786239
Rivier College,-1.9638970876248902,-1.101131610046265,0.3862974080695389,-1.2688230043735924,0.9977716398508035,0.2807477508683606
Roanoke College,0.569211563072289,-0.9550466575707036,-0.629417211843787,0.5924163691821019,0.44068122526266984,-0.09783490103871377
Rockhurst College,-0.8390368352370499,-0.9233908863021463,0.12248061681096484,-0.2527732016009525,-0.08693004508235504,-0.4294000898640251
Rocky Mountain College,-1.8761272513599654,-1.203236251074997,-0.23628897215048317,-0.5204208666636908,0.11937058062467168,0.31397093155825684
Roger Williams University,-2.022054124185937,0.042542246444031956,-0.01658583164305948,-2.4129138677284248,2.1608371305258,0.22702650123941367
Rollins College,1.390244382446738,-1.3896862901446019,1.3100129024979534,-0.4207130235914668,0.6815652871494754,2.1557930829647742
Rosary College,0.08952741418188616,-1.6588793729964166,-0.3526577606323455,0.27372922621535356,0.11632369619770225,0.45973834621111254
Rowan College of New Jersey,-0.9020927534602105,2.0003799706408514,0.5252412583862864,0.938336065967604,0.5578000283491382,2.03183421244719
Rutgers at New Brunswick,7.320976070644912,12.002373777580262,-1.6193597031541695,-5.177647504351419,0.07701201279004356,0.5468049482611876
Rutgers State University at Camden,0.33358865445373836,0.7797841914254783,0.8850338585528632,1.9139402036341855,-0.13803376823658253,1.0377223546348064
Rutgers State University at Newark,0.6004092532245563,1.3243239294164055,0.9416034481219683,1.4267334988140266,0.3366188050268683,0.6563397869852093
Sacred Heart University,-0.28269937618697205,-0.5599190191912226,-1.0498363503530717,-0.6991273886249797,1.5062870177671275,0.2961094889820542
Saint Ambrose University,-1.994772533729659,-0.7174761857845467,0.13210234397419646,-0.978638836938807,-0.1598292532859771,-0.3110944066833059
Saint Anselm College,0.015599150170029774,-1.215245307597174,-0.9987814424071528,-0.7311163658596486,0.9608457609716584,0.596820949039548
Saint Cloud State University,-2.0273964285009454,3.297493000240951,-1.165950166157918,0.33588060750077764,-0.2170312720250823,-0.7578643758993616
Saint Francis College IN,-2.7337044904200396,-0.6866178083146575,0.10341967073917464,-0.30149660131549094,0.6313480285213808,-0.5335409015357964
Saint Francis College,-1.3983141444333116,-0.7636158490372413,-0.8743863150678932,-0.44687171987481683,0.3743325418304697,0.2725204601443053
Saint John's University,-0.056924981642580544,-1.564810120449881,-0.8288819774885049,0.09157231105072208,0.39042818409226526,0.06860603293541458
Saint Joseph's College IN,-1.6719273600821258,-1.0612822133712776,0.1401187862627911,-1.0949628086777583,-0.06473716287372443,0.435727726835794
Saint Joseph's College,-2.0252553971427636,0.25564336758189565,-1.3398433977079989,0.16300498609858308,1.4978726273320484,2.305370799354606
Saint Joseph's University,1.2564967711659878,-0.15623478727571816,-0.7277534741344791,0.6714005771802792,0.9158158657850795,0.19809525376949105
Saint Joseph College,0.3513637264687518,-1.6497817888462025,0.14690279907369277,0.7857438923544604,0.6013453050471448,0.6910685664164473
Saint Louis University,2.059067325738743,1.3300983897682346,6.051991528059363,1.94244218758309,-1.610702482000533,-3.1530839195569076
Saint Mary's College,1.0592493778678678,-1.7638334742211703,-0.15123782916968062,0.19755207805096736,-0.04574961427116036,-0.17233472283514023
Saint Mary's College of Minnesota,-1.7965211247318025,-0.6205975771194988,-1.6028755271432114,-0.08813555979878226,0.24504798547204779,0.6314143039092167
Saint Mary-of-the-Woods College,-1.3553028596063736,-1.7598625688923193,0.5705754553872143,-1.2925102857006243,-0.7495616781535074,-1.1208544518924828
Saint Michael's College,0.9737352667768016,-1.5235580108393398,-0.8607357127761376,-0.1312655675642705,0.9534205326211684,0.8120489856192021
Saint Olaf College,1.6960596042191407,-1.473017411473586,-0.6451109384925245,-0.029031714576898494,-0.5256547160224713,0.036059558575336735
Saint Peter's College,-0.576739010632354,-0.661038043904395,-0.39649218547268666,-0.012379169906399562,1.5541744579665406,0.12903768700829954
Saint Vincent College,-1.1187763456507949,-1.603782829638922,-0.5946438802635096,-1.1355689311379362,-0.0638985092027923,-0.04285081149106176
Saint Xavier University,0.044489860869619535,-0.6268330061519157,-0.02715075603052998,1.5230849671716074,0.9755387306238541,0.7997156588341836
Salem-Teikyo University,-2.2531970722093355,-1.7577726082278544,-0.7972115208376005,-3.0476663993395583,-0.7592035238960522,-0.483654007310522
Salem College,0.15500363537278852,-1.9013987976899551,0.7759924935055483,-0.137655801865145,-0.09740458878734434,-0.7208347023137445
Salisbury State University,-1.1638999758553965,1.1239971859460114,-0.04382872236210953,0.20420431948324985,0.030088871187607075,0.7987501295668135
Samford University,-0.2994566756054027,0.03611675273767774,0.28802471046421363,0.5396104293689794,-1.1887816969752334,-0.06450874139236523
San Diego State University,1.2542075957946246,5.402662085654741,0.7624198228935163,0.8914036278203492,1.2038114355283323,-0.14301578803697304
Santa Clara University,2.408120517157513,-0.5817689061874965,-0.07071247837471402,-0.18105933281578232,0.3222741303896809,1.199931898728884
Sarah Lawrence College,3.33467709877841,-2.779045364473463,0.7358901468027965,-0.041608770331428076,1.039153931151056,0.08647275475485393
Savannah Coll. of Art and Design,-1.2501594390050934,-0.37146444160944797,3.178073509755687,-0.9362453249995779,-0.8466524174181715,2.7964481436325896
Schreiner College,-1.6644898171168299,-1.322926087742659,0.7764596381406556,-1.1478973839166957,0.46424709861448443,-0.6072660209095616
Scripps College,3.9470999250956265,-3.169892467142307,0.673808373616965,0.6361548705526583,0.9480298454937092,0.11336770941733211
Seattle Pacific University,0.9211067902721022,-0.7414619417630538,0.10046677537547893,0.9180543376897413,-0.3643228058290851,0.7824477982525025
Seattle University,0.9617036362520954,-0.7610671490808025,-0.21605805724374436,0.3660943289746664,-0.12909881847689195,0.011111210167261392
Seton Hall University,0.5069726316000386,0.5432027629687363,0.4347626103128902,-0.5234199787453878,2.32302232317572,0.8777874879895607
Seton Hill College,-0.37047263809698655,-1.4314414415874537,-0.19429135954688562,0.1119185126533144,-0.4875238965654389,-1.4443957306677118
Shippensburg University of Penn.,-0.61618438724277,1.554707586367602,-1.0196939495627009,0.3616296959727778,-0.26903733044512906,0.3420339958206732
Shorter College,-1.63246356135295,-0.5256779669419192,0.5028107488405107,0.23792953464527006,-1.2577310108842634,-0.6836075854447897
Siena College,1.038837227372199,-1.1053383454201784,-0.6971106859142313,-0.6623186795266719,-0.3120202535108153,0.8685881059496842
Siena Heights College,-3.0976018195897264,-1.3119551775370655,0.8374129706454831,-2.1429967349419283,0.21732893579499032,-1.69881357959922
Simmons College,1.364039439490347,-2.4144638499028734,0.47251452151522116,-0.7450540321581253,1.7057130009117132,-0.37401772145931367
Simpson College,-0.39801437820549035,-1.1276054049632231,-0.08349420556927582,-0.16665935263723114,-0.17541179860175646,0.382906054587647
Sioux Falls College,-2.4107612590416756,-0.07738529266034948,0.3081133564741453,0.8483668403868366,0.11309167914541349,-0.44672355520355345
Skidmore College,2.3581559360902746,-1.4534869923555165,-0.5465628188935132,-0.3629048618333546,1.5686474986861867,0.32445077154848645
Smith College,4.185749183441908,-2.5611089984226227,-0.0034981091395616683,-0.14821324408317654,0.3400331646808095,-0.3610595069078898
South Dakota State University,-2.0554494273960286,1.7365452881898082,-0.44660015186754765,-0.36968625477603284,-1.4362922301779264,-0.706268305793947
Southeast Missouri State University,-1.9950424821489336,1.9675177171584592,-1.0182553727849497,1.0953331934831099,0.007922684714050342,-1.5686380220290457
Southeastern Oklahoma State Univ.,-3.267250079037615,0.6508589843413621,-0.9406121106824367,-0.03432736146976373,-1.139118017949096,0.1826157459780562
Southern California College,-2.467803002492588,-0.09048519560752126,0.9381783111614945,0.26232570684849127,0.031960946842076766,0.3916554027331466
Southern Illinois University at Edwardsville,-1.8783227092212473,2.0509765651163714,-0.6205346810247978,1.395836553678981,0.6425028118215234,-1.7785255632803116
Southern Methodist University,1.5437787845380317,0.3008993286989972,0.5301339079807589,-0.16246840543027335,-0.11052848582335761,-0.0702319916671
Southwest Baptist University,-3.139606090544972,0.12238138727720836,-1.0645230191804935,-0.9842609011205837,-0.5328140485198185,-0.416762068361877
Southwest Missouri State University,-1.193705479223323,4.605700445832496,-1.134497245709531,-0.3347832377008735,-0.1653902952099337,-0.06650283546628571
Southwest State University,-2.5979872228136656,0.3578891487088184,0.2512440608665704,0.4551746226779555,-0.9305493718643665,-0.0182932423540335
Southwestern Adventist College,-3.2395078698399136,-0.2405572132579782,0.38835649221381285,0.11521956334886628,0.46022830890481947,-0.9555713930702815
Southwestern College,-2.0558845090038376,-0.8028569012492054,0.7343886493525138,-0.34309835467051447,-1.181352600089415,-0.6502632596413622
Southwestern University,1.486014325517102,-1.6709837070709337,0.19251083179699527,0.6927984162562947,-0.5709264941955945,0.10447421486896837
Spalding University,-1.900710933689363,-1.7721336504278866,-0.28243607390009556,-1.5125997021547402,-1.2185197119283164,-0.045308686993027716
Spelman College,0.7286361506552633,-0.22295942186074189,1.5589294865525678,0.4351452907699137,-1.0284265644317179,0.02575503486057241
Spring Arbor College,-3.122951456351163,-0.6811424374635286,-0.4977957126910469,-1.2619819402931935,0.2265334797985326,-0.8381286687133672
St. Bonaventure University,0.12592576833027647,-0.8135758721673668,-1.0190874956107243,0.8867716399917294,0.8684307330533655,0.9711307304468045
St. John's College,0.36434732555177696,-2.697256539428696,-0.3075013769991933,-0.8887249306497748,1.1342369228033575,-1.8821068949002333
St. John Fisher College,-0.048163283549632785,-1.0291144730742454,-1.036684341587147,0.4586138373831948,1.2014653725603859,0.1711372882522816
St. Lawrence University,2.5307961664353877,-2.024006887812268,0.11175825571052808,-0.11810175374219047,1.1249465176437512,0.7198945944177317
St. Martin's College,-2.8545766858169,-0.9428699646994979,-0.7727017797252963,-0.4680530618043692,1.7367424760687893,-0.8417788423695944
St. Mary's College of California,1.6059499243464026,-0.6657258968188404,0.4176804174559711,0.5776278865507838,0.46752861212829866,1.1982722311709024
St. Mary's College of Maryland,0.6051518211314505,-0.8956664426464179,0.6713899170199151,1.0564191869826547,-0.5846028312752747,0.5116905972091697
St. Mary's University of San Antonio,-0.4789639337737139,0.1065574150085965,0.688113132738589,0.9823725558105016,-0.6004790327567447,1.0152801463377987
St. Norbert College,0.3119971947447969,-1.3081362242723502,-1.1744667160708364,-0.20979687017201923,-0.308502330520857,0.16222029206044186
St. Paul's College,-3.951940938900446,-0.3940654117666149,0.3665071764497318,-1.62957875906842,0.3273767175451149,-0.012521776026626697
St. Thomas Aquinas College,-1.8078440377424798,-0.31953389864677345,0.30669610709218986,0.006420864497672713,1.4695974580075888,0.2751238546501833
Stephens College,-1.6615637047649607,-1.2515244944057036,1.1840984521901865,-1.0881764041751683,0.8182994507095583,-1.3653697022312967
Stetson University,1.0428353757085762,-1.010032564345244,0.20764391398821144,0.7572160832057332,-0.2538167798682221,0.36010772471620583
Stevens Institute of Technology,2.4392953794830934,-1.7924157630173605,-1.2238294987868166,0.6868227105213732,-0.21169816457924648,0.9361882524959135
Stockton College of New Jersey,-0.7674416431981125,1.3002027993833374,-0.07660056856897704,1.021001405811147,-0.2575224673903786,1.9190206946850008
Stonehill College,1.308484423562887,-1.1178759989207234,-0.9444209822980449,-0.7793538272348273,0.7840653445700501,0.6817096122749909
SUNY at Albany,1.895800750406985,3.892729554772748,-0.4281656557493518,-0.4515181293842934,0.2642603853745953,1.2332632900239737
SUNY at Binghamton,3.0428858422019536,2.7268688552173868,-0.7638138401813052,-0.3572382864501435,-1.3626184779719068,1.740619238843308
SUNY at Buffalo,3.6079664937893297,4.828221366783522,-0.20743669618755284,-0.6735611522555608,-0.13330537907213003,0.47003141430430706
SUNY at Stony Brook,2.1336530701984437,2.9373763729717743,0.13062306302694945,-0.30015364627653435,0.7245080697665315,-0.26374949957975874
SUNY College  at Brockport,-1.1250607110891806,1.8418846610019155,-1.0942536580806785,0.08619013989535428,1.3467213939286442,0.7613707763133125
SUNY College  at Oswego,-0.05091057312222066,2.2969347409848004,-1.1089701078852092,-0.14993094127154857,-0.20357065436828167,1.0414247870396387
SUNY College at Buffalo,-1.669376708478236,2.300106335428835,-0.2301431652859943,0.09833461835595035,1.082677321084071,0.2541064833351428
SUNY College at Cortland,-0.7592325951058557,1.7311639469537845,-0.298188265154129,0.12235937980103442,0.8459778951128442,1.149338019248544
SUNY College at Fredonia,-0.5778917001468876,1.1375352584861074,-0.060766749610843905,0.5648830428921243,0.46602485202997396,1.0057432567816516
SUNY College at Geneseo,1.5724455089074576,1.1344910897660394,-1.4344832208073532,-0.2092611177630643,-1.8220830748610266,1.6048937961574297
SUNY College at New Paltz,-0.18328341718492833,1.8716503981175499,-0.10308686126321107,0.8461150125739055,0.6498995782066445,0.2897452493990883
SUNY College at Plattsburgh,-0.7482280229182406,1.4615145731316954,-0.4630373145114577,0.39583554344757976,0.5440844949893276,1.073109307166243
SUNY College at Potsdam,-1.081220462184064,0.28434143275717483,-0.5633617500361764,-0.18520511785152596,0.3543222302105637,0.3488002400385994
SUNY College at Purchase,-1.1193268717972427,0.8715163232361346,2.6598080525866044,1.2097532173426768,1.358021240267895,2.5516087597956205
Susquehanna University,1.269204282084812,-1.761189436081795,-1.3971830778790517,-0.048292619957026356,0.4089929168093741,0.12905991652526835
Sweet Briar College,2.577269416559583,-3.0045221414029495,0.13763240409257232,0.7754459063738436,1.0593313314658306,-0.7671239539721182
Syracuse University,2.9750774054306635,1.7360290617112402,0.29530455960074775,-2.336941542572395,1.526122913319684,0.31719865096580674
Tabor College,-2.3125548008554757,-0.9160016826069151,0.11224926116315342,-0.07366060410102973,-0.21842411267800776,-1.3031472988812813
Talladega College,-2.138979675690817,0.6381246534786942,2.040989676662297,-0.6548699623899685,-1.7225302125200261,1.5583710483591944
Taylor University,0.20938477002992856,-1.4599440583220704,-0.8668473799084973,-1.124343649687331,-1.7693051685959778,-0.06746598065720602
Tennessee Wesleyan College,-3.1430404757662194,-0.13774220595889153,1.5942113390161352,0.5901914442344269,-0.056989753404395715,-2.4134149359794703
Texas A&M Univ. at College Station,3.994748531603053,8.61212873122529,-1.604417370067566,-1.0579875964808882,-2.213900226432026,0.32155769240308085
Texas A&M University at Galveston,-1.3921937745857866,0.07589125819571142,-0.7226079534329614,2.3145418770192983,-0.04342264814621082,1.1311849263371383
Texas Christian University,0.49469578836076344,1.2366583854704865,0.7149239831038082,1.09386741206242,-1.1737225691211381,0.005375196629356645
Texas Lutheran College,-2.1295809613786525,-0.6150671959005887,0.3348234398499754,-0.23623480462987864,-1.1984087868989337,-0.8304052650643058
Texas Southern University,-1.1763529354910935,3.0827242205001104,0.4032227588929354,0.8334343035702174,-0.7265550610415852,-0.33852097152665256
Texas Wesleyan University,-1.7978509897083854,0.20899262952631953,0.7613824404317205,1.520621384854517,-0.051123913999068925,-0.0223807485029898
The Citadel,-0.9514044860591367,0.04585509099745812,-1.9918917287482554,1.4716091427383364,0.08508780756832786,0.5567864684493232
Thiel College,-1.1296925288296797,-0.8836216264442935,1.1741851870480786,-0.3297140577667945,1.0371491329667446,0.4174713682843062
Tiffin University,-2.8086369753220213,-0.300888694626777,-0.18993201592512526,0.2638170119820952,0.25195948311793026,0.662688135332821
Transylvania University,1.525060177318592,-1.8752654513412714,-0.5260271650558518,0.9635088795029906,-1.1866406197304558,-0.028052773943949314
Trenton State College,1.5864881852601216,0.615557227246145,0.22484141226634882,0.18995043530232342,-0.8437910802971424,1.3811765688158593
Tri-State University,-2.0500164286517415,-0.9746941893400356,-0.022284989430254778,-1.3676321281913746,-0.028040509681551532,-0.5830797337735072
Trinity College CT,3.8329383362151828,-2.6036752328708275,-0.5973430275916959,0.02570120285885109,0.26472063233013454,-0.06697136657249803
Trinity College DC,1.367355804302315,-2.4721035743611095,-0.24826839605012244,0.23590839888858836,1.647626503073792,0.159369300380614
Trinity College VT,-0.6984317866072268,-1.9608343042012253,-0.10815090485960835,-0.8992040404955922,1.069119357439762,0.2473707559319824
Trinity University,3.168591829260299,-1.6984726355526167,-0.6876405018525923,0.48658277560613955,-0.4368831829965944,0.2154015153180502
Tulane University,3.982575850226294,-0.25020873477449634,-0.7547643139620073,-0.09901713190293922,1.6006083000783042,-1.068162359236563
Tusculum College,-2.638885089514573,-0.33565918538507866,-1.4630504124331543,0.5517240537828282,-0.0988737234401358,0.8528214014367677
Tuskegee University,-0.9916150362477036,0.1777888299541149,0.48810391709236883,-0.025607740848045162,-0.5615325157457655,-0.1469876608114282
Union College KY,-2.0617453605523823,-0.616720028770742,-0.7454475870131254,0.3957625252507692,0.14722931209973922,0.38903036997284257
Union College NY,3.8184253989931944,-2.3911608023410102,-0.6884774778521737,0.2751635165209056,0.3189123675281488,-0.09208948917481355
Univ. of Wisconsin at OshKosh,-1.4644692954660476,2.479522773812093,-0.4893869613630792,0.5706791753608829,-0.7867678087106034,-0.03874399453788539
University of Alabama at Birmingham,0.3537796592775992,1.5677123857656223,2.91746061499473,2.051148991598694,1.880467743132179,-1.3890473752514612
University of Arkansas at Fayetteville,-0.611512524122386,2.7732556370690116,0.12629482843482703,1.062271666348721,-0.670782225384883,-0.7441223272357887
University of California at Berkeley,6.166245721864104,4.816973904347832,0.12672228360152032,-1.1913766215023147,-0.9889921147796096,0.2032081116080864
University of California at Irvine,5.398773232972186,3.9144301862310056,0.7170995642092636,-0.7891927328357956,-1.2949270113708198,0.7888393504733046
University of Central Florida,0.1755845337169202,4.546835643318164,0.540548090812822,1.6426386597604834,1.1000932267508319,0.7548008347386173
University of Charleston,-2.4080511168845513,-1.575325992222964,0.47612436508262357,-2.161501974227733,-0.008213263727574329,-2.1830549362030824
University of Chicago,6.409190250423451,-2.389641365047248,1.041427636925258,-0.374912753603154,0.3801259771696305,-1.9081098750363028
University of Cincinnati,1.643630014324673,2.913051853221281,0.6532516161525238,0.2638610775746186,0.923781523385682,-0.9211368015353277
University of Connecticut at Storrs,2.257036390121563,3.3390780864638283,0.6443370509387111,-0.19447458960817854,0.4854301265733585,0.5405563323661213
University of Dallas,1.134396703171576,-1.4480763567772192,-0.08593168645991843,1.0860446283638856,0.41354752471250317,0.4195387238358641
University of Dayton,1.26970688566679,0.8614810978155358,-1.368089995860315,-0.8909618100273254,0.1865698380446414,0.531866188492974
University of Delaware,2.4045824864531897,5.392196760419299,-1.0909155449478616,-1.429100494046079,0.9332901219583327,-0.0029592095799444696
University of Denver,0.8941656294332829,-0.48959096131908864,-0.6814378406133281,0.7169032603864518,0.6554274956652089,-0.20001182731264677
University of Detroit Mercy,-0.8573813267137821,0.17843613644868644,1.4246395730581176,0.9298007852932602,0.2807524942781914,-0.7039126275625565
University of Dubuque,-1.2798317832224968,-0.34072024170003423,-0.5682852072061985,2.0416785620493108,0.8155390092126824,-0.22311847472440186
University of Evansville,0.18373644187706528,-0.646789487084172,0.0710893463539355,-0.5221820333359325,-0.6998497297960276,1.2221958969615192
University of Florida,4.178057244611803,5.491803589854222,-0.20485203296928672,-0.7003621389241735,-0.8228335822801452,-0.5414940538280745
University of Georgia,2.6479254552281835,5.072564723830671,-0.8510175394325816,-0.06632740082488377,-1.051672918846999,-0.49952986337008487
University of Hartford,-0.14683561868302303,0.48548723146649503,0.5914900537237721,-1.5966482168630192,2.370749222537755,-0.6349391716739302
University of Hawaii at Manoa,0.4754939672172153,2.2464771495173634,0.7281914772691476,0.9033711203623177,-0.6948735884393831,-0.2888973263362668
University of Illinois - Urbana,4.3957239120878775,7.026328546007427,-1.5476784297673931,-1.9164826230202436,-1.4501852296898154,-0.027489679595483464
University of Illinois at Chicago,0.9831805188034775,4.253220344872449,2.4054786734638705,0.15589384006217724,0.8379626931022771,-1.8978984586334864
University of Indianapolis,-1.2795306120395573,-0.7131130287215459,0.40220828660863234,-1.1310475082592155,-0.2775484055098892,-0.7385394210877846
University of Kansas,1.4302097819376098,4.790893571311378,0.8523968751548877,0.2400633422055625,-0.620256446276412,-0.4636111226440586
University of La Verne,-1.1513140836262035,-0.3199602927352171,1.717728872173152,0.014071430716342983,0.8518585126537387,-0.5265888250988043
University of Louisville,-0.30658685289366566,3.386914903246948,1.3387469896132174,1.6993699649951657,1.3050998855256961,-2.1244350389977247
University of Maine at Farmington,-1.6244312951748912,-0.1785034337828925,-0.39550941654615474,0.46140854521613994,-0.404675261849514,-0.18382972922832447
University of Maine at Machias,-3.1346175246047143,-0.658190382207487,-0.11444654527311732,-1.6350343248352002,-0.33998016993502467,0.6140418315377058
University of Maine at Presque Isle,-2.9275032921908286,0.11921326212686688,0.02166058732418023,0.7354022708836728,0.2048111256475892,-0.8797525660475312
University of Maryland at Baltimore County,-0.3254286753314302,2.2537214300694495,0.6822307060092774,1.4985302754226555,0.24543920613615822,-0.42616087271084235
University of Maryland at College Park,2.5130718250230775,6.078065062548556,-0.7820956408326758,-1.024940481920117,1.380187303629657,0.12626664372964955
University of Massachusetts at Amherst,2.1376193043921843,5.845967728511597,-1.4789381329315843,-1.593530522067487,0.9430849281010011,-0.09816816854025343
University of Massachusetts at Dartmouth,-0.8722418023164122,1.0357225278318345,-0.36552571946104706,0.49369936869257025,1.102939208365082,0.04990677001404527
University of Miami,3.4375447307060596,0.632885368878432,1.8017588221529799,-0.7040942490715564,1.260674548845294,-1.1449988691895607
University of Michigan at Ann Arbor,6.687847688261248,5.494207208831643,-1.3471981434200806,-2.510755977055431,-0.9291800113442811,-0.9759459517753611
University of Minnesota at Duluth,-0.7753190208359694,2.502294890235766,1.1769327562844338,1.134611577306672,-0.21712430543187944,0.7918511733823722
University of Minnesota at Morris,-0.04666553101325851,-0.25932816841747314,0.3142326424704899,1.0182628497083486,-2.011050492660198,0.09445284881484267
University of Minnesota Twin Cities,2.7909568173722787,8.466095771505158,3.2709868352655573,1.9621952577619806,3.303420500721349,-3.822954404181732
University of Mississippi,-0.6561263579300353,1.9860212455599209,-1.1198730384899418,0.4704161313113601,0.021296926132791796,1.3735367600030557
University of Missouri at Columbia,1.3956862500274387,3.3388162421298127,0.2766542324975915,0.14729043903440095,-0.583469825678173,-0.6429716544604266
University of Missouri at Rolla,0.7294293756122794,0.22316921218147104,0.5972075789484694,1.4314563412708217,-1.2766644740750681,0.44613812026122074
University of Missouri at Saint Louis,-1.6010895510812067,2.0523735348293592,2.534860335826604,1.790005099319477,-0.22869974463328352,-2.2725971177093913
University of Mobile,-2.6959498742018355,0.019065626140772812,0.07154036513324284,-0.01932594256695317,-0.4131129505694227,0.35191175408903247
University of Montevallo,-1.973272350884779,0.38700058804410625,-1.9327044212586413,0.8539316735774418,-0.8626439852227967,-0.004581595574588277
University of Nebraska at Lincoln,1.5965227993833557,4.131616766805159,-0.800969388005323,0.6340535039814897,-1.2286178639382193,-0.9922434524318646
University of New England,-0.5061032650757576,-0.5490995480204727,2.8455153748907716,0.11061642103179718,0.03698513654586804,0.683229852308584
University of New Hampshire,1.652614521302752,3.660439635360467,0.0964137684418334,-0.26981603416997,-0.4350095492443994,0.41504387350451877
University of North Carolina at Asheville,-0.9390322861596879,0.16800919576349255,0.118869752772898,1.2363466516699897,-0.5544906506739411,0.16654993769643556
University of North Carolina at Chapel Hill,4.785661609871518,2.9315872602733846,-0.5365894026760779,-1.1468354294947665,-1.6912658393247493,-0.8494734328259836
University of North Carolina at Charlotte,-0.06107302827653299,3.3114402282848325,0.07920544949905255,0.8172768036418799,-0.15401358925868902,0.09111147671075265
University of North Carolina at Greensboro,-0.287984076713084,2.0997445916928337,-0.1791138231096971,0.4435495758421111,0.48464666959988223,0.2581504733793836
University of North Carolina at Wilmington,-0.3066987008712012,2.1906171062547535,-0.8492450285991789,0.6706290727573592,-0.24074038979457976,0.4381986806129348
University of North Dakota,-0.21458650925344017,1.937458803518065,-1.0250051216358649,1.9654709696852417,-0.122837569503936,-0.28707039115780325
University of North Florida,-0.13403171826332658,1.5144855597911737,1.218406741089171,2.2285551009665086,-0.828252400311721,-0.15693507234080362
University of North Texas,-0.8626905674529352,4.5245610138337184,-0.6270797859147269,2.1527559079276393,0.6858303627003199,-0.1351315660066911
University of Northern Colorado,-1.4953203666482744,3.1622535466175097,0.18030295567363702,0.3953191080995065,0.43909236954182224,0.13486790316415254
University of Northern Iowa,-0.2579323825004021,2.367556854298078,-0.0374113620142333,0.3817824534677474,-1.1627683334497252,-0.022785052457084346
University of Notre Dame,4.87667986029441,-0.21679877663593952,-0.6616517691361665,-0.18987662814471143,-2.061053488004576,0.2680803519049802
University of Oklahoma,0.6261714989845268,3.6881347015180044,2.3275749381236817,1.3015631864199462,-0.8655075789320298,-0.9133101571612666
University of Oregon,0.8525076102440919,3.698797133490311,-0.6663044508485841,-0.2197008372568083,-0.1309077137214414,0.43284628524749713
University of Pennsylvania,7.177763528164338,0.0025532841901164454,0.4524824358188176,-1.3813599397902454,-0.17506566075759886,-1.415310906402146
University of Pittsburgh-Main Campus,2.475467582652554,3.045550434558938,-0.5789656587714437,-0.30144963378944906,1.7385134994419633,-1.630201136945428
University of Portland,0.59480688451965,-0.6287864019622058,-0.1527379535117256,1.1557028540725522,0.3096220534668808,0.6990944151432138
University of Puget Sound,1.6607591747516364,-0.23245892126775927,0.6956698995056818,0.40768625336699216,-0.7778407504901984,0.2585451318399177
University of Rhode Island,0.9774564370453211,3.2307030445604723,-0.6087624547686366,-0.7241591995918057,2.166037044799933,0.26755470562821226
University of Richmond,2.1436834520514663,-0.7368863425882873,-0.02222965396291816,-0.5351135905265663,-1.3053717535063767,0.588254094867737
University of Rochester,5.150392111616093,-0.7645017830201297,0.4323599838515388,-0.9729248916581529,1.3987455861575533,-1.1844687715765898
University of San Diego,1.816611345191804,0.17829913923604127,0.6483546664075535,0.9258323583654436,0.619129864147153,0.7995474735725723
University of San Francisco,0.5082241192054221,0.16498633286166717,2.1085432037818674,0.5602288034647317,1.4151148896320738,0.6428045977272766
University of Sci. and Arts of Oklahoma,-3.5366324883855533,1.2317115256988036,-0.0811963109219007,1.7467548479326749,-1.3243903839915034,0.996128996258319
University of Scranton,1.7519713004321165,-0.7516771436734853,-0.517899978082879,-0.7676736162671657,0.45646149136558434,1.3166151140430862
University of South Carolina at Aiken,-3.3635457968199733,0.6280440293742013,0.2588169652957368,0.1428135839395234,0.20872267566305336,-0.5088725809569183
University of South Carolina at Columbia,1.0641287804647777,4.114871373412031,0.27650856062481816,0.7843076499721824,-0.6042378289435011,-1.0383318016793224
University of South Florida,0.779606627392214,5.567556959568128,0.9210818605373562,1.692792094296737,1.5651040185092593,-1.815109281096989
University of Southern California,4.382060360251143,2.933632372319606,1.03272973546778,-1.1589618221381928,1.2225714165147306,-0.6680786383433635
University of Southern Colorado,-2.5990037563689823,1.6614624143057617,1.2521582931749544,1.4504800745072435,0.5722129066902418,-0.09742380105811001
University of Southern Indiana,-3.2657783203676396,2.166784887735837,-0.48973113172951627,0.12939459802045025,0.21784576294473107,0.055344732571693
University of Southern Mississippi,-1.054433329966412,1.7093798051994906,-1.5827853106303549,1.516422699798663,-0.3442974759946328,0.6234044139792185
University of St. Thomas MN,0.17964418630460527,-0.24946146396614136,-0.8594509815400091,-0.1767049180450294,0.30686984242622567,0.4031676712723409
University of St. Thomas TX,-0.315609335833997,-0.9527245306366193,0.022854623430971884,0.7528622281046229,-1.0740325247173552,-0.23140048364914811
University of Tennessee at Knoxville,0.8833643358249583,4.938433810929204,1.5035504630054461,0.982172362603091,-0.9164551484672327,-0.4224726257969693
University of Texas at Arlington,-2.350641279251585,4.975949575319497,1.1130205723772784,2.0798717869493943,0.5407225190734184,-1.4854095400167426
University of Texas at Austin,3.6016275620601275,8.977675273136382,0.12240053825286336,0.128067898374244,-1.5502609555523246,-0.49408996245349923
University of Texas at San Antonio,-0.5699589383346327,3.8817985505060837,-1.1311178869790928,2.174470988192467,2.1820234303942003,1.130408890765363
University of the Arts,-2.5846557384951874,-1.1839407781492235,4.018668004776468,-3.241838172496132,0.2635680921889557,1.7906093982428315
University of the Pacific,1.7423136168944717,-0.9191602948708336,0.786122246397088,0.47176103287610993,0.8970039500128778,0.31214694719767777
University of the South,2.822553599460851,-2.620365176841581,-0.7719819646317292,0.6486413822339148,-0.8424430187040444,-0.7221181982021263
University of Tulsa,1.0836926370027862,0.3822528816824814,3.8513219704866293,1.6738457679753191,-0.6786741224661154,1.7116558775300403
University of Utah,0.7026446317122941,5.23333026754998,3.149052212973674,1.89022897113135,0.9969047350505037,-1.0152212992864647
University of Vermont,2.038332940837718,1.31047757919481,-0.36980180588883327,-0.9190778295727051,1.744843900588722,-0.41805130347465624
University of Virginia,4.789803312209016,1.9039482286690228,-1.1804512919527648,-1.2730891702671914,-1.8668973779450666,-0.48959649809898115
University of Washington,3.8288946361506513,5.179658128285699,1.3327658092481607,-0.2039871957095469,-0.020052144572513735,-1.245568500461183
University of West Florida,-1.2092286471223754,1.32915788966557,-0.4524472968735505,1.8197960247575589,0.28669007271253444,0.9928115645135988
University of Wisconsin-Stout,-2.0206721877706273,1.5278639929530355,-1.3835878615987487,0.8430614020265536,-0.337519971546141,-0.015418157399531047
University of Wisconsin-Superior,-2.0907660192770794,0.4634041025027368,0.4959191334432793,1.5728496153503257,-0.6119764089280024,-0.36992796557269425
University of Wisconsin-Whitewater,-0.9554135305520032,2.5041204216098256,-2.5534473859384796,1.469483951245019,0.15749125803180897,0.3570778870074191
University of Wisconsin at Green Bay,-1.8548369900086839,1.7299951226442984,-0.9847782907931338,1.7347040916641847,0.05562485655032271,0.7292980242060524
University of Wisconsin at Madison,4.37577380453673,6.04963130012871,-1.015184849364998,-1.481572689642749,-0.3211774168500946,-0.707807523969735
University of Wisconsin at Milwaukee,-0.775701790284117,4.372269156863486,0.8583204003650824,1.3281470984689667,1.4658440706614404,-1.23238480175622
University of Wyoming,-0.6046146680911696,1.5283033443763994,0.2125512285568379,1.8196818100519498,0.18093269980712337,0.09473788136629667
Upper Iowa University,-2.145577193778608,-0.2791312859670243,-1.0052327654928217,0.283754594235076,0.051961464103428945,0.6738644218862446
Ursinus College,1.8898916699981936,-2.2269468642839527,-0.5472230700613592,0.11802894943347243,-0.24116422909473334,0.06643019035352773
Ursuline College,-1.9048441746638782,-1.3749158725476587,-0.1479185186885256,-1.2257167308312884,0.19505440695608833,-0.5656146115882021
Valley City State University,-4.505188859663467,0.03241760725690742,0.9623727072773087,-1.0308328628018457,-1.2892631787928677,-0.7420656974474745
Valparaiso University,1.4652472292573995,-0.9818406383651678,-1.239875817279981,0.6249178504711326,-1.3490071806343171,0.5475519840311818
Vanderbilt University,5.6509100715405065,-0.9739813722833109,0.8532684807796224,-0.8586215067502235,0.32139528916017185,-0.5805718018103505
Vassar College,4.040297347542837,-2.3050715110493716,0.029021703107571958,-0.045772275924412104,0.2037416250055807,0.29705539336973
Villanova University,3.0816296993392243,0.23554393015905276,-1.7904443884235302,-1.2321517263013706,1.7452871326211534,0.5500321091656161
Virginia Commonwealth University,0.24292264160590218,3.118386695657961,2.346520660994481,1.2425202649097928,1.0368805408169077,-2.794498696228794
Virginia State University,-2.803973480997861,0.7213458031227737,-0.39607890542672547,-0.7175722776913412,1.3054735160556237,0.2181848516359069
Virginia Tech,2.966762886722421,5.86547319641702,-0.07707533863090854,-1.9236571836133063,-0.9381344553858829,0.12916387608514246
Virginia Union University,-2.465519379556104,0.3527722361189082,0.6913380025753876,0.008191313728574448,-0.629416030439335,-0.8612465885086314
Virginia Wesleyan College,-0.7307982099711882,-0.881888272670307,-0.6902716399920322,-0.09154829471813347,1.0294799085103434,0.7855938660322501
Viterbo College,-1.7394372264431865,-0.9518520845518172,0.6704335836817936,-0.5987763854432934,-0.9407429648741571,-1.1887559014763394
Voorhees College,-4.507674511417547,0.5966153361493762,-0.6380462316802139,-1.1165851030483867,-0.9711163241172855,0.551730316773708
Wabash College,1.6812474563268303,-2.607614507070973,-0.6086087552704305,0.22265989749374435,-0.8842828646627167,-0.5042817285168623
Wagner College,-0.361942597666233,-1.1011617823606923,0.6545831138135701,-0.5175954697475091,1.1520810895541107,0.3181592932082219
Wake Forest University,5.748229704895614,-2.1757607338610985,1.1015343775109494,-0.05479427460809567,-0.9316897488837078,-2.6790022891779737
Walsh University,-0.9251888366125771,-1.197562148837963,0.11381586695286547,-1.1919889340282406,-1.7721171139100538,-0.6340005119964044
Warren Wilson College,-1.3223973608638622,-1.2593819852118335,-0.5049704827354017,0.17370422304519553,-0.453623442859033,-0.9160050940430716
Wartburg College,0.15796986975102242,-1.4326872074076702,-1.1416098078171169,0.4517782527150919,-0.6848704055862808,-0.37310499294725846
Washington and Jefferson College,1.6758579752692744,-2.192098422113472,-2.0122599424460414,0.6493220306535461,-0.07395794847631945,-0.4053118828639642
Washington and Lee University,3.434284484386163,-2.203944949960107,0.3851834858824655,0.27911017743303196,-1.6361834096163377,0.25390069267150356
Washington College,1.0304749387306595,-2.2271349533431604,-0.6751534188969924,-0.011493561720458218,0.8141872945178087,0.19758876357460206
Washington State University,1.6581072454360677,3.4315681177161057,1.2912076538326338,0.25156013040631353,-1.1412595874617286,0.3378225151638558
Washington University,6.932285312886836,-1.3266203960191276,2.795240434609474,-1.115475405577759,0.32974504915417263,-1.9592320540435064
Wayne State College,-3.4054219839029565,0.9938411963675897,-0.5253551096650974,0.2807774431935308,-0.7366920340603178,0.3519703080235292
Waynesburg College,-2.4779404585840474,-0.5792963499318987,-0.43248911159511916,-0.8536119018297096,-0.17716327036181603,0.00682010034134267
Webber College,-3.260286713282077,-0.18686394455027505,0.6290217246164036,-0.6265104741468572,-0.6094647066615853,0.5868160936119701
Webster University,-2.1208961260143875,-0.06808887384653874,-0.7973084131401452,0.2641968100887487,0.7663762308087108,0.8199101851359191
Wellesley College,5.0825858797944745,-2.9403719543047138,-0.42703974587130283,0.3194162552312825,-0.6268376108910783,-0.2500606883061609
Wells College,2.5442858392605445,-2.8028572840966355,0.02812738684428869,0.951199063310797,0.2924436829229652,0.25424709885478847
Wentworth Institute of Technology,-2.033848338220693,-0.6288706850805752,2.2036677618785743,-3.0595322026037595,1.4962275281272868,0.9612557417311318
Wesley College,-2.2589814967514568,-0.8084738024488234,-0.0778524978776692,-1.551505175136261,0.6315858794325291,0.09849718556958134
Wesleyan University,4.275632837882653,-1.5161465455384133,3.4677805579898378,-0.38478404176226844,-1.0565176991310112,3.3548323207385566
West Chester University of Penn.,-0.6480728239805751,2.2009264139788454,-0.33565869136605425,0.2607974345072339,0.43686315187693536,-0.9009002238591949
West Liberty State College,-4.409379133896234,0.2665015096868135,0.24668525002005182,-2.259869748804224,-1.0385414131468365,0.04146725533190368
West Virginia Wesleyan College,-0.2850573720376091,-1.2124590439042875,-0.9559428338946018,-0.2268469020802376,-0.5653821408066083,-0.00983507251068049
Western Carolina University,-2.293146151412254,1.3331376590152975,-1.8244466681812566,0.4519832102786628,0.04870669610960877,-1.9937947603608273
Western Maryland College,0.8183002889869797,-1.5916229295971334,-0.016909803721106252,0.795369782406284,0.7139839282876854,-0.14445619289976483
Western Michigan University,0.3611334087384249,5.415667422486406,-1.0915970389177228,0.0935183244125244,0.44449272608224233,0.5040837997568136
Western New England College,-1.1493112238876517,0.2596252515261072,0.5217285505260549,1.0038679542706541,1.9779877404229738,0.005215956778143275
Western State College of Colorado,-2.646097254734892,1.2843232321211395,-0.07204756356971664,0.946552009841258,0.5170102791955485,0.37928637399500537
Western Washington University,0.25533584474645593,2.6216656761247576,0.1430088790488992,1.0226158048525107,-0.8948639435861288,1.1451324336116804
Westfield State College,-2.0345626983720533,0.8700499486934978,-0.7005410524228701,0.19840216106290004,0.7825059870969588,0.3041937721240203
Westminster College MO,-1.3924800202774235,-0.930882267031322,0.7246670084032447,-0.10073481471642495,-0.08943597378996074,-0.10787471077958624
Westminster College,-0.10044008624664702,-1.7773982381913296,-1.2148117686547313,-0.47537003340603423,-0.7128798914389797,-0.22263732628049449
Westminster College of Salt Lake City,-0.7634630012290494,-0.7190062173770149,1.0271195391778705,0.8346302437008443,-0.5075900131735163,-0.6050093053107005
Westmont College,0.7888041498134846,-1.426360872067586,-0.24087724632133187,-0.007890421187464325,-0.16984525164689548,0.41894368666644033
Wheaton College IL,1.7976402797736495,-1.5655426348460173,-0.30707137007561947,0.4535928396435868,-1.679777674524508,-0.0842136693679545
Westminster College PA,2.5529833610898325,-2.1974510917947065,0.7144456033211697,0.2467226668982728,1.587280196217066,0.5932271356909914
Wheeling Jesuit College,-0.9872481778646878,-1.289297355873685,-0.34221330285602825,-0.5990524110108729,0.3229117051447269,0.7996803515459459
Whitman College,2.2337296760623278,-2.412505437164192,0.5648410192621481,-0.16673001924434488,-0.6438586658355234,0.6124900622939253
Whittier College,1.1467290850917244,-1.2104889512488235,0.6669789729507506,1.0926897232447554,0.6542344140589835,-0.4015457130994582
Whitworth College,0.4646746494560002,-0.5746419025085414,0.9999747351966713,0.795847771486099,-1.0846899064869626,0.7435210426900088
Widener University,0.6426669658253149,-0.31234607769251777,0.18077354066088655,0.8773831737373186,1.1698946160068657,-0.21776771047820928
Wilkes University,-0.2525822885308775,-0.6399288619502913,0.012839829175408062,0.47745198966525415,1.3259917159905223,0.36476713482076145
Willamette University,1.9522989586445327,-1.6776184510010317,-1.173423632670759,1.1097371976472605,-0.32148990531547567,-0.13091524145682765
William Jewell College,-0.7156417070088394,-0.4433763646381174,0.8746798895176561,1.2282793190281844,-1.4360860976598069,-1.1708689378260857
William Woods University,-2.493397448002458,-0.162882779763705,2.4287778076404263,-0.26914382765722483,-0.5798358369479987,-1.4960296213192503
Williams College,5.64559474990169,-3.243201345925848,-0.2061902535807656,0.20964753494383379,-1.0889239493883167,-0.6931344176501332
Wilson College,-0.21135897129385517,-2.416024884666484,-0.4820032270718366,-0.48320286224124076,0.8259250156094756,-0.6207355063003359
Wingate College,-1.5698403822886517,-0.27105341318976284,-0.14063543097529457,0.006611213483283705,0.09167018796523348,0.4105269757253851
Winona State University,-2.6083664978753958,1.4939657076181743,-1.7534000737589088,-0.5751874003835431,-1.0970483007791387,-0.5340150736703537
Winthrop University,-0.8010206415953302,0.4777907814860543,0.5581597612219711,0.6798960169104895,-1.1216106593373452,-0.43393372093780824
Wisconsin Lutheran College,-2.471396812166203,-1.4853851090262782,0.749860125927273,-1.2976963007098186,-0.485806609242785,-1.4550496110486666
Wittenberg University,1.5998105753571543,-1.4504404079231528,-1.1658719676898759,0.4957557808542431,0.0538808958014855,-0.10950130246064016
Wofford College,1.611921760047562,-1.3967625863229827,-0.3228317358218813,1.4060960337679915,-1.4246010704361203,0.7779341062136055
Worcester Polytechnic Institute,2.698328685119141,-1.3252572899097943,-0.9646660273537954,0.5156475292386793,-0.17226977271980765,0.9280086305560872
Worcester State College,-3.32845759649896,1.2202553173739976,-0.3833879790418646,-0.1085549906846907,0.7769958444742394,0.30942867906918703
Xavier University,0.19938949511555246,-0.686689282088505,0.05156356598599134,-0.5622691572225899,0.37519075640950045,0.373342633995194
Xavier University of Louisiana,-0.7325605963327674,-0.07723523968042607,-0.0004056418992216661,-0.054316280669170026,-0.5160211179450466,0.4680142476115811
Yale University,7.919327354566275,-2.068328856745033,2.073563684466935,-0.8520539965953702,-0.9477547451999219,-2.0699373793402467
York College of Pennsylvania,-0.46950806600292144,0.3666609431840608,-1.3289151475974263,0.10802255677180814,-1.1321759372613596,0.8398930868073609
